flavors,vm !=1(trap),vm==0时vd==0(trap),vstart !=0(trap),不支持的sew,,,,不支持的lmul,,,,,,,reg index对齐,,,,,,,,,,,,,,,,,,,,,if(lmul<1) overlap($); else overlap_widen($),,"if($<1) overlap(vd,lmul,vs2,$); else overlap_widen((vd,lmul,vs2,$)",,,reg index不相等,,,,,其他,,,,,index load,1/8 <= emul <=8(emul=lmul*eew/sew),,no_constraint,instr,match,mask,has_vs2,has_vs1,is_ready
,,,,8,16,32,64,1/8,1/4,1/2,1,2,4,8,"align(vd,lmul)","align(vd,lmul*2)","align(vd,emul)","align(vs2,lmul)","align(vs2,emul)","align(vs2,lmul*2)","align(vs2,lmul/2)","align(vs2,lmul/4)","align(vs2,lmul/8)","align(vs1,lmul)","align(vs1,emul)","align(vd,2)","align(vd,4)","align(vd,8)","align(vs2,2)","align(vs2,4)","align(vs2,8)","align(vs3,2)","align(vs3,4)","align(vs3,8)","align(vs3,nfield)","(vd, lmul*2, vs2, lmul)","(vd, lmul*2, vs1, lmul)",lmul/2,lmul/4,lmul/8,vd != vs2,vd != vs2 && vd != vs1,"if(vd != vs2)overlap(vd,1,vs2,lmul)","if(vd != vs2)overlap(vd,1,vs2,lmul*2)","if(vd != vs1)overlap(vd,1,vs1,lmul)",vm==0 && vd==0 && lmul>1(trap),"overlap(vd,lmul,vs2,1)","overlap(vd,lmul,vs1,1)","overlap(vd,lmul,vs1,emul)",(nf*emul <= 8) && (vd+nf*emul <= 32),所有约束,eew=16,eew=width,134,instr,match,mask,,,
"vadd.vv vd, vs2, vs1, vm",,1,,,,,,,,,,,,,1,,,1,,,,,,1,,,,,,,,,,,,,,,,,,,,,,,,,,,,,,2,vadd.vv,0x57,0xfc00707f,1,1,
"vadd.vx vd, vs2, rs1, vm",,1,,,,,,,,,,,,,1,,,1,,,,,,,,,,,,,,,,,,,,,,,,,,,,,,,,,,,,1,vadd.vx,0x4057,0xfc00707f,1,0,
"vadd.vi vd, vs2, imm, vm",,1,,,,,,,,,,,,,1,,,1,,,,,,,,,,,,,,,,,,,,,,,,,,,,,,,,,,,,1,vadd.vi,0x3057,0xfc00707f,1,0,
"vsub.vv vd, vs2, vs1, vm",,1,,,,,,,,,,,,,1,,,1,,,,,,1,,,,,,,,,,,,,,,,,,,,,,,,,,,,,,2,vsub.vv,0x8000057,0xfc00707f,1,1,
"vsub.vx vd, vs2, rs1, vm",,1,,,,,,,,,,,,,1,,,1,,,,,,,,,,,,,,,,,,,,,,,,,,,,,,,,,,,,1,vsub.vx,0x8004057,0xfc00707f,1,0,
"vrsub.vx vd, vs2, rs1, vm",,1,,,,,,,,,,,,,1,,,1,,,,,,,,,,,,,,,,,,,,,,,,,,,,,,,,,,,,1,vrsub.vx,0xc004057,0xfc00707f,1,0,
"vrsub.vi vd, vs2, imm, vm",,1,,,,,,,,,,,,,1,,,1,,,,,,,,,,,,,,,,,,,,,,,,,,,,,,,,,,,,1,vrsub.vi,0xc003057,0xfc00707f,1,0,
"vwaddu.vv vd, vs2, vs1, vm",,1,,,,,1,,,,,,,1,,1,,1,,,,,,1,,,,,,,,,,,,1,1,,,,,,,,,,,,,,,,,7,vwaddu.vv,0xc0002057,0xfc00707f,1,1,
"vwaddu.vx vd, vs2, rs1, vm",,1,,,,,1,,,,,,,1,,1,,1,,,,,,,,,,,,,,,,,,1,,,,,,,,,,,,,,,,,,5,vwaddu.vx,0xc0006057,0xfc00707f,1,0,
"vwsubu.vv vd, vs2, vs1, vm",,1,,,,,1,,,,,,,1,,1,,1,,,,,,1,,,,,,,,,,,,1,1,,,,,,,,,,,,,,,,,7,vwsubu.vv,0xc8002057,0xfc00707f,1,1,
"vwsubu.vx vd, vs2, rs1, vm",,1,,,,,1,,,,,,,1,,1,,1,,,,,,,,,,,,,,,,,,1,,,,,,,,,,,,,,,,,,5,vwsubu.vx,0xc8006057,0xfc00707f,1,0,
"vwadd.vv vd, vs2, vs1, vm",,1,,,,,1,,,,,,,1,,1,,1,,,,,,1,,,,,,,,,,,,1,1,,,,,,,,,,,,,,,,,7,vwadd.vv,0xc4002057,0xfc00707f,1,1,
"vwadd.vx vd, vs2, rs1, vm",,1,,,,,1,,,,,,,1,,1,,1,,,,,,,,,,,,,,,,,,1,,,,,,,,,,,,,,,,,,5,vwadd.vx,0xc4006057,0xfc00707f,1,0,
"vwsub.vv vd, vs2, vs1, vm",,1,,,,,1,,,,,,,1,,1,,1,,,,,,1,,,,,,,,,,,,1,1,,,,,,,,,,,,,,,,,7,vwsub.vv,0xcc002057,0xfc00707f,1,1,
"vwsub.vx vd, vs2, rs1, vm",,1,,,,,1,,,,,,,1,,1,,1,,,,,,,,,,,,,,,,,,1,,,,,,,,,,,,,,,,,,5,vwsub.vx,0xcc006057,0xfc00707f,1,0,
"vwaddu.wx vd, vs2, vs1, vm",,1,,,,,1,,,,,,,1,,1,,,,1,,,,1,,,,,,,,,,,,,1,,,,,,,,,,,,,,,,,6,vwaddu.wv,0xd0002057,0xfc00707f,1,1,
"vwaddu.wx vd, vs2, rs1, vm",,1,,,,,1,,,,,,,1,,1,,,,1,,,,,,,,,,,,,,,,,,,,,,,,,,,,,,,,,,4,vwaddu.wx,0xd0006057,0xfc00707f,1,0,
"vwsubu.wx vd, vs2, vs1, vm",,1,,,,,1,,,,,,,1,,1,,,,1,,,,1,,,,,,,,,,,,,1,,,,,,,,,,,,,,,,,6,vwsubu.wv,0xd8002057,0xfc00707f,1,1,
"vwsubu.wx vd, vs2, rs1, vm",,1,,,,,1,,,,,,,1,,1,,,,1,,,,,,,,,,,,,,,,,,,,,,,,,,,,,,,,,,4,vwsubu.wx,0xd8006057,0xfc00707f,1,0,
"vwadd.wv vd, vs2, vs1, vm",,1,,,,,1,,,,,,,1,,1,,,,1,,,,1,,,,,,,,,,,,,1,,,,,,,,,,,,,,,,,6,vwadd.wv,0xd4002057,0xfc00707f,1,1,
"vwadd.wx vd, vs2, rs1, vm",,1,,,,,1,,,,,,,1,,1,,,,1,,,,,,,,,,,,,,,,,,,,,,,,,,,,,,,,,,4,vwadd.wx,0xd4006057,0xfc00707f,1,0,
"vwsub.wv vd, vs2, vs1, vm",,1,,,,,1,,,,,,,1,,1,,,,1,,,,1,,,,,,,,,,,,,1,,,,,,,,,,,,,,,,,6,vwsub.wv,0xdc002057,0xfc00707f,1,1,
"vwsub.wx vd, vs2, rs1, vm",,1,,,,,1,,,,,,,1,,1,,,,1,,,,,,,,,,,,,,,,,,,,,,,,,,,,,,,,,,4,vwsub.wx,0xdc006057,0xfc00707f,1,0,
"vzext.vf2 vd, vs2, vm",,1,,1,,,,1,,,,,,,1,,,,,,1,,,,,,,,,,,,,,,,,1,,,1,,,,,,,,,,,,,3,vzext.vf2,0x48032057,0xfc0ff07f,1,0,
"vsext.vf2 vd, vs2, vm",,1,,1,,,,1,,,,,,,1,,,,,,1,,,,,,,,,,,,,,,,,1,,,1,,,,,,,,,,,,,3,vsext.vf2,0x4803a057,0xfc0ff07f,1,0,
"vzext.vf4 vd, vs2, vm",,1,,1,1,,,1,1,,,,,,1,,,,,,,1,,,,,,,,,,,,,,,,,1,,1,,,,,,,,,,,,,3,vzext.vf4,0x48022057,0xfc0ff07f,1,0,
"vsext.vf4 vd, vs2, vm",,1,,1,1,,,1,1,,,,,,1,,,,,,,1,,,,,,,,,,,,,,,,,1,,1,,,,,,,,,,,,,3,vsext.vf4,0x4802a057,0xfc0ff07f,1,0,
"vzext.vf8 vd, vs2, vm",,1,,1,1,1,,1,1,1,,,,,1,,,,,,,,1,,,,,,,,,,,,,,,,,1,1,,,,,,,,,,,,,3,vzext.vf8,0x48012057,0xfc0ff07f,1,0,
"vsext.vf8 vd, vs2, vm",,1,,1,1,1,,1,1,1,,,,,1,,,,,,,,1,,,,,,,,,,,,,,,,,1,1,,,,,,,,,,,,,3,vsext.vf8,0x4801a057,0xfc0ff07f,1,0,
"vadc.vvm vd, vs2, vs1, v0",,1,,,,,,,,,,,,,1,,,1,,,,,,1,,,,,,,,,,,,,,,,,,,,,,,,,,,,,,2,vadc.vvm,0x40000057,0xfe00707f,1,1,
"vadc.vxm vd, vs2, rs1, v0",,1,,,,,,,,,,,,,1,,,1,,,,,,,,,,,,,,,,,,,,,,,,,,,,,,,,,,,,1,vadc.vxm,0x40004057,0xfe00707f,1,0,
"vadc.vim vd, vs2, imm, v0",,1,,,,,,,,,,,,,1,,,1,,,,,,,,,,,,,,,,,,,,,,,,,,,,,,,,,,,,1,vadc.vim,0x40003057,0xfe00707f,1,0,
"vmadc.vvm vd, vs2, vs1, v0",,,,,,,,,,,,,,,,,,1,,,,,,1,,,,,,,,,,,,,,,,,,,1,,1,,,,,,,,,4,vmadc.vvm,0x44000057,0xfe00707f,1,1,
"vmadc.vxm vd, vs2, rs1, v0",,,,,,,,,,,,,,,,,,1,,,,,,,,,,,,,,,,,,,,,,,,,1,,,,,,,,,,,2,vmadc.vxm,0x44004057,0xfe00707f,1,0,
"vmadc.vim vd, vs2, imm, v0",,,,,,,,,,,,,,,,,,1,,,,,,,,,,,,,,,,,,,,,,,,,1,,,,,,,,,,,2,vmadc.vim,0x44003057,0xfe00707f,1,0,
"vmadc.vv vd, vs2, vs1",,,,,,,,,,,,,,,,,,1,,,,,,1,,,,,,,,,,,,,,,,,,,1,,1,,,,,,,,,4,vmadc.vv,0x46000057,0xfe00707f,1,1,
"vmadc.vx vd, vs2, rs1",,,,,,,,,,,,,,,,,,1,,,,,,,,,,,,,,,,,,,,,,,,,1,,,,,,,,,,,2,vmadc.vx,0x46004057,0xfe00707f,1,0,
"vmadc.vi vd, vs2, imm",,,,,,,,,,,,,,,,,,1,,,,,,,,,,,,,,,,,,,,,,,,,1,,,,,,,,,,,2,vmadc.vi,0x46003057,0xfe00707f,1,0,
"vsbc.vvm vd, vs2, vs1, v0",,1,,,,,,,,,,,,,1,,,1,,,,,,1,,,,,,,,,,,,,,,,,,,,,,,,,,,,,,2,vsbc.vvm,0x48000057,0xfe00707f,1,1,
"vsbc.vxm vd, vs2, rs1, v0",,,,,,,,,,,,,,,1,,,1,,,,,,,,,,,,,,,,,,,,,,,,,,,,,,,,,,,,1,vsbc.vxm,0x48004057,0xfe00707f,1,0,
"vmsbc.vvm vd, vs2, vs1, v0",,,,,,,,,,,,,,,,,,1,,,,,,1,,,,,,,,,,,,,,,,,,,1,,1,,,,,,,,,4,vmsbc.vvm,0x4c000057,0xfe00707f,1,1,
"vmsbc.vxm vd, vs2,rs1, v0",,,,,,,,,,,,,,,,,,1,,,,,,,,,,,,,,,,,,,,,,,,,1,,,,,,,,,,,2,vmsbc.vxm,0x4c004057,0xfe00707f,1,0,
"vmsbc.vv vd, vs2,vs1",,,,,,,,,,,,,,,,,,1,,,,,,1,,,,,,,,,,,,,,,,,,,1,,1,,,,,,,,,4,vmsbc.vv,0x4e000057,0xfe00707f,1,1,
"vmsbc.vx vd, vs2, rs1",,,,,,,,,,,,,,,,,,1,,,,,,,,,,,,,,,,,,,,,,,,,1,,,,,,,,,,,2,vmsbc.vx,0x4e004057,0xfe00707f,1,0,
"vand.vv vd, vs2, vs1, vm",,1,,,,,,,,,,,,,1,,,1,,,,,,1,,,,,,,,,,,,,,,,,,,,,,,,,,,,,,2,vand.vv,0x24000057,0xfc00707f,1,1,
"vand.vx vd, vs2, rs1, vm",,1,,,,,,,,,,,,,1,,,1,,,,,,,,,,,,,,,,,,,,,,,,,,,,,,,,,,,,1,vand.vx,0x24004057,0xfc00707f,1,0,
"vand.vi vd, vs2, imm, vm",,1,,,,,,,,,,,,,1,,,1,,,,,,,,,,,,,,,,,,,,,,,,,,,,,,,,,,,,1,vand.vi,0x24003057,0xfc00707f,1,0,
"vor.vv vd, vs2, vs1, vm",,,,,,,,,,,,,,,1,,,1,,,,,,1,,,,,,,,,,,,,,,,,,,,,,,,,,,,,,2,vor.vv,0x28000057,0xfc00707f,1,1,
"vor.vx vd, vs2, rs1, vm",,,,,,,,,,,,,,,1,,,1,,,,,,,,,,,,,,,,,,,,,,,,,,,,,,,,,,,,1,vor.vx,0x28004057,0xfc00707f,1,0,
"vor.vi vd, vs2, imm, vm",,,,,,,,,,,,,,,1,,,1,,,,,,,,,,,,,,,,,,,,,,,,,,,,,,,,,,,,1,vor.vi,0x28003057,0xfc00707f,1,0,
"vxor.vv vd, vs2, vs1, vm",,,,,,,,,,,,,,,1,,,1,,,,,,1,,,,,,,,,,,,,,,,,,,,,,,,,,,,,,2,vxor.vv,0x2c000057,0xfc00707f,1,1,
"vxor.vx vd, vs2, rs1, vm",,,,,,,,,,,,,,,1,,,1,,,,,,,,,,,,,,,,,,,,,,,,,,,,,,,,,,,,1,vxor.vx,0x2c004057,0xfc00707f,1,0,
"vxor.vi vd, vs2, imm, vm",,,,,,,,,,,,,,,1,,,1,,,,,,,,,,,,,,,,,,,,,,,,,,,,,,,,,,,,1,vxor.vi,0x2c003057,0xfc00707f,1,0,
"vsll.vv vd, vs2, vs1, vm",,,,,,,,,,,,,,,1,,,1,,,,,,1,,,,,,,,,,,,,,,,,,,,,,,,,,,,,,2,vsll.vv,0x94000057,0xfc00707f,1,1,
"vsll.vx vd, vs2, rs1, vm",,,,,,,,,,,,,,,1,,,1,,,,,,,,,,,,,,,,,,,,,,,,,,,,,,,,,,,,1,vsll.vx,0x94004057,0xfc00707f,1,0,
"vsll.vi vd, vs2, uimm, vm",,,,,,,,,,,,,,,1,,,1,,,,,,,,,,,,,,,,,,,,,,,,,,,,,,,,,,,,1,vsll.vi,0x94003057,0xfc00707f,1,0,
"vsrl.vv vd, vs2, vs1, vm",,,,,,,,,,,,,,,1,,,1,,,,,,1,,,,,,,,,,,,,,,,,,,,,,,,,,,,,,2,vsrl.vv,0xa0000057,0xfc00707f,1,1,
"vsrl.vx vd, vs2, rs1, vm",,,,,,,,,,,,,,,1,,,1,,,,,,,,,,,,,,,,,,,,,,,,,,,,,,,,,,,,1,vsrl.vx,0xa0004057,0xfc00707f,1,0,
"vsrl.vi vd, vs2, uimm, vm",,,,,,,,,,,,,,,1,,,1,,,,,,,,,,,,,,,,,,,,,,,,,,,,,,,,,,,,1,vsrl.vi,0xa0003057,0xfc00707f,1,0,
"vsra.vv vd, vs2, vs1, vm",,,,,,,,,,,,,,,1,,,1,,,,,,1,,,,,,,,,,,,,,,,,,,,,,,,,,,,,,2,vsra.vv,0xa4000057,0xfc00707f,1,1,
"vsra.vx vd, vs2, rs1, vm",,,,,,,,,,,,,,,1,,,1,,,,,,,,,,,,,,,,,,,,,,,,,,,,,,,,,,,,1,vsra.vx,0xa4004057,0xfc00707f,1,0,
"vsra.vi vd, vs2, uimm, vm",,,,,,,,,,,,,,,1,,,1,,,,,,,,,,,,,,,,,,,,,,,,,,,,,,,,,,,,1,vsra.vi,0xa4003057,0xfc00707f,1,0,
"vnsrl.wv vd, vs2, vs1, vm",,1,,,,,1,,,,,,,1,1,,,,,1,,,,1,,,,,,,,,,,,,,,,,,,,1,,,,,,,,,,3,vnsrl.wv,0xb0000057,0xfc00707f,1,1,
"vnsrl.wx vd, vs2, rs1, vm",,1,,,,,1,,,,,,,1,1,,,,,1,,,,,,,,,,,,,,,,,,,,,,,,1,,,,,,,,,,2,vnsrl.wx,0xb0004057,0xfc00707f,1,0,
"vnsrl.wi vd, vs2, uimm, vm",,1,,,,,1,,,,,,,1,1,,,,,1,,,,,,,,,,,,,,,,,,,,,,,,1,,,,,,,,,,2,vnsrl.wi,0xb0003057,0xfc00707f,1,0,
"vnsra.wv vd, vs2, vs1, vm",,1,,,,,1,,,,,,,1,1,,,,,1,,,,1,,,,,,,,,,,,,,,,,,,,1,,,,,,,,,,3,vnsra.wv,0xb4000057,0xfc00707f,1,1,
"vnsra.wx vd, vs2, rs1, vm",,1,,,,,1,,,,,,,1,1,,,,,1,,,,,,,,,,,,,,,,,,,,,,,,1,,,,,,,,,,2,vnsra.wx,0xb4004057,0xfc00707f,1,0,
"vnsra.wi vd, vs2, uimm, vm",,1,,,,,1,,,,,,,1,1,,,,,1,,,,,,,,,,,,,,,,,,,,,,,,1,,,,,,,,,,2,vnsra.wi,0xb4003057,0xfc00707f,1,0,
"vmseq.vv vd, vs2, vs1, vm",,,,,,,,,,,,,,,,,,1,,,,,,1,,,,,,,,,,,,,,,,,,,1,,1,,,,,,,,,4,vmseq.vv,0x60000057,0xfc00707f,1,1,
"vmseq.vx vd, vs2, rs1, vm",,,,,,,,,,,,,,,,,,1,,,,,,,,,,,,,,,,,,,,,,,,,1,,,,,,,,,,,2,vmseq.vx,0x60004057,0xfc00707f,1,0,
"vmseq.vi vd, vs2, imm, vm",,,,,,,,,,,,,,,,,,1,,,,,,,,,,,,,,,,,,,,,,,,,1,,,,,,,,,,,2,vmseq.vi,0x60003057,0xfc00707f,1,0,
"vmsne.vv vd, vs2, vs1, vm",,,,,,,,,,,,,,,,,,1,,,,,,1,,,,,,,,,,,,,,,,,,,1,,1,,,,,,,,,4,vmsne.vv,0x64000057,0xfc00707f,1,1,
"vmsne.vx vd, vs2, rs1, vm",,,,,,,,,,,,,,,,,,1,,,,,,,,,,,,,,,,,,,,,,,,,1,,,,,,,,,,,2,vmsne.vx,0x64004057,0xfc00707f,1,0,
"vmsne.vi vd, vs2, imm, vm",,,,,,,,,,,,,,,,,,1,,,,,,,,,,,,,,,,,,,,,,,,,1,,,,,,,,,,,2,vmsne.vi,0x64003057,0xfc00707f,1,0,
"vmsltu.vv vd, vs2, vs1, vm",,,,,,,,,,,,,,,,,,1,,,,,,1,,,,,,,,,,,,,,,,,,,1,,1,,,,,,,,,4,vmsltu.vv,0x68000057,0xfc00707f,1,1,
"vmsltu.vx vd, vs2, rs1, vm",,,,,,,,,,,,,,,,,,1,,,,,,,,,,,,,,,,,,,,,,,,,1,,,,,,,,,,,2,vmsltu.vx,0x68004057,0xfc00707f,1,0,
"vmslt.vv vd, vs2, vs1, vm",,,,,,,,,,,,,,,,,,1,,,,,,1,,,,,,,,,,,,,,,,,,,1,,1,,,,,,,,,4,vmslt.vv,0x6c000057,0xfc00707f,1,1,
"vmslt.vx vd, vs2, rs1, vm",,,,,,,,,,,,,,,,,,1,,,,,,,,,,,,,,,,,,,,,,,,,1,,,,,,,,,,,2,vmslt.vx,0x6c004057,0xfc00707f,1,0,
"vmsleu.vv vd, vs2, vs1, vm",,,,,,,,,,,,,,,,,,1,,,,,,1,,,,,,,,,,,,,,,,,,,1,,1,,,,,,,,,4,vmsleu.vv,0x70000057,0xfc00707f,1,1,
"vmsleu.vx vd, vs2, rs1, vm",,,,,,,,,,,,,,,,,,1,,,,,,,,,,,,,,,,,,,,,,,,,1,,,,,,,,,,,2,vmsleu.vx,0x70004057,0xfc00707f,1,0,
"vmsleu.vi vd, vs2, imm, vm",,,,,,,,,,,,,,,,,,1,,,,,,,,,,,,,,,,,,,,,,,,,1,,,,,,,,,,,2,vmsleu.vi,0x70003057,0xfc00707f,1,0,
"vmsle.vv vd, vs2, vs1, vm",,,,,,,,,,,,,,,,,,1,,,,,,1,,,,,,,,,,,,,,,,,,,1,,1,,,,,,,,,4,vmsle.vv,0x74000057,0xfc00707f,1,1,
"vmsle.vx vd, vs2, rs1, vm",,,,,,,,,,,,,,,,,,1,,,,,,,,,,,,,,,,,,,,,,,,,1,,,,,,,,,,,2,vmsle.vx,0x74004057,0xfc00707f,1,0,
"vmsle.vi vd, vs2, imm, vm",,,,,,,,,,,,,,,,,,1,,,,,,,,,,,,,,,,,,,,,,,,,1,,,,,,,,,,,2,vmsle.vi,0x74003057,0xfc00707f,1,0,
"vmsgtu.vx vd, vs2, rs1, vm",,,,,,,,,,,,,,,,,,1,,,,,,,,,,,,,,,,,,,,,,,,,1,,,,,,,,,,,2,vmsgtu.vx,0x78004057,0xfc00707f,1,0,
"vmsgtu.vi vd, vs2, imm, vm",,,,,,,,,,,,,,,,,,1,,,,,,,,,,,,,,,,,,,,,,,,,1,,,,,,,,,,,2,vmsgtu.vi,0x78003057,0xfc00707f,1,0,
"vmsgt.vx vd, vs2, rs1, vm",,,,,,,,,,,,,,,,,,1,,,,,,,,,,,,,,,,,,,,,,,,,1,,,,,,,,,,,2,vmsgt.vx,0x7c004057,0xfc00707f,1,0,
"vmsgt.vi vd, vs2, imm, vm",,,,,,,,,,,,,,,,,,1,,,,,,,,,,,,,,,,,,,,,,,,,1,,,,,,,,,,,2,vmsgt.vi,0x7c003057,0xfc00707f,1,0,
"vminu.vv vd, vs2, vs1, vm",,,,,,,,,,,,,,,1,,,1,,,,,,1,,,,,,,,,,,,,,,,,,,1,,1,,,,,,,,,4,vminu.vv,0x10000057,0xfc00707f,1,1,
"vminu.vx vd, vs2, rs1, vm",,,,,,,,,,,,,,,1,,,1,,,,,,,,,,,,,,,,,,,,,,,,,1,,,,,,,,,,,2,vminu.vx,0x10004057,0xfc00707f,1,0,
"vmin.vv vd, vs2, vs1, vm",,,,,,,,,,,,,,,1,,,1,,,,,,1,,,,,,,,,,,,,,,,,,,1,,1,,,,,,,,,4,vmin.vv,0x14000057,0xfc00707f,1,1,
"vmin.vx vd, vs2, rs1, vm",,,,,,,,,,,,,,,1,,,1,,,,,,,,,,,,,,,,,,,,,,,,,1,,,,,,,,,,,2,vmin.vx,0x14004057,0xfc00707f,1,0,
"vmaxu.vv vd, vs2, vs1, vm",,,,,,,,,,,,,,,1,,,1,,,,,,1,,,,,,,,,,,,,,,,,,,1,,1,,,,,,,,,4,vmaxu.vv,0x18000057,0xfc00707f,1,1,
"vmaxu.vx vd, vs2, rs1, vm",,,,,,,,,,,,,,,1,,,1,,,,,,,,,,,,,,,,,,,,,,,,,1,,,,,,,,,,,2,vmaxu.vx,0x18004057,0xfc00707f,1,0,
"vmax.vv vd, vs2, vs1, vm",,,,,,,,,,,,,,,1,,,1,,,,,,1,,,,,,,,,,,,,,,,,,,1,,1,,,,,,,,,4,vmax.vv,0x1c000057,0xfc00707f,1,1,
"vmax.vx vd, vs2, rs1, vm",,,,,,,,,,,,,,,1,,,1,,,,,,,,,,,,,,,,,,,,,,,,,1,,,,,,,,,,,2,vmax.vx,0x1c004057,0xfc00707f,1,0,
"vmul.vv vd, vs2, vs1, vm",,1,,,,,,,,,,,,,1,,,1,,,,,,1,,,,,,,,,,,,,,,,,,,,,,,,,,,,,,2,vmul.vv,0x94002057,0xfc00707f,1,1,
"vmul.vx vd, vs2, rs1, vm",,1,,,,,,,,,,,,,1,,,1,,,,,,,,,,,,,,,,,,,,,,,,,,,,,,,,,,,,1,vmul.vx,0x94006057,0xfc00707f,1,0,
"vmulh.vv vd, vs2, vs1, vm",,1,,,,,,,,,,,,,1,,,1,,,,,,1,,,,,,,,,,,,,,,,,,,,,,,,,,,,,,2,vmulh.vv,0x9c002057,0xfc00707f,1,1,
"vmulh.vx vd, vs2, rs1, vm",,1,,,,,,,,,,,,,1,,,1,,,,,,,,,,,,,,,,,,,,,,,,,,,,,,,,,,,,1,vmulh.vx,0x9c006057,0xfc00707f,1,0,
"vmulhu.vv vd, vs2, vs1, vm",,1,,,,,,,,,,,,,1,,,1,,,,,,1,,,,,,,,,,,,,,,,,,,,,,,,,,,,,,2,vmulhu.vv,0x90002057,0xfc00707f,1,1,
"vmulhu.vx vd, vs2, rs1, vm",,1,,,,,,,,,,,,,1,,,1,,,,,,,,,,,,,,,,,,,,,,,,,,,,,,,,,,,,1,vmulhu.vx,0x90006057,0xfc00707f,1,0,
"vmulhsu.vv vd, vs2, vs1, vm",,1,,,,,,,,,,,,,1,,,1,,,,,,1,,,,,,,,,,,,,,,,,,,,,,,,,,,,,,2,vmulhsu.vv,0x98002057,0xfc00707f,1,1,
"vmulhsu.vx vd, vs2, rs1, vm",,1,,,,,,,,,,,,,1,,,1,,,,,,,,,,,,,,,,,,,,,,,,,,,,,,,,,,,,1,vmulhsu.vx,0x98006057,0xfc00707f,1,0,
"vdivu.vv vd, vs2, vs1, vm",,1,,,,,,,,,,,,,1,,,1,,,,,,1,,,,,,,,,,,,,,,,,,,,,,,,,,,,,,2,vdivu.vv,0x80002057,0xfc00707f,1,1,
"vdivu.vx vd, vs2, rs1, vm",,1,,,,,,,,,,,,,1,,,1,,,,,,,,,,,,,,,,,,,,,,,,,,,,,,,,,,,,1,vdivu.vx,0x80006057,0xfc00707f,1,0,
"vdiv.vv vd, vs2, vs1, vm",,1,,,,,,,,,,,,,1,,,1,,,,,,1,,,,,,,,,,,,,,,,,,,,,,,,,,,,,,2,vdiv.vv,0x84002057,0xfc00707f,1,1,
"vdiv.vx vd, vs2, rs1, vm",,1,,,,,,,,,,,,,1,,,1,,,,,,,,,,,,,,,,,,,,,,,,,,,,,,,,,,,,1,vdiv.vx,0x84006057,0xfc00707f,1,0,
"vremu.vv vd, vs2, vs1, vm",,1,,,,,,,,,,,,,1,,,1,,,,,,1,,,,,,,,,,,,,,,,,,,,,,,,,,,,,,2,vremu.vv,0x88002057,0xfc00707f,1,1,
"vremu.vx vd, vs2, rs1, vm",,1,,,,,,,,,,,,,1,,,1,,,,,,,,,,,,,,,,,,,,,,,,,,,,,,,,,,,,1,vremu.vx,0x88006057,0xfc00707f,1,0,
"vrem.vv vd, vs2, vs1, vm",,1,,,,,,,,,,,,,1,,,1,,,,,,1,,,,,,,,,,,,,,,,,,,,,,,,,,,,,,2,vrem.vv,0x8c002057,0xfc00707f,1,1,
"vrem.vx vd, vs2, rs1, vm",,1,,,,,,,,,,,,,1,,,1,,,,,,,,,,,,,,,,,,,,,,,,,,,,,,,,,,,,1,vrem.vx,0x8c006057,0xfc00707f,1,0,
"vwmul.vv vd, vs2, vs1, vm",,1,,,,,1,,,,,,,1,,1,,1,,,,,,1,,,,,,,,,,,,1,1,,,,,,,,,,,,,,,,,7,vwmul.vv,0xec002057,0xfc00707f,1,1,
"vwmul.vx vd, vs2, rs1, vm",,1,,,,,1,,,,,,,1,,1,,1,,,,,,,,,,,,,,,,,,1,,,,,,,,,,,,,,,,,,5,vwmul.vx,0xec006057,0xfc00707f,1,0,
"vwmulu.vv vd, vs2, vs1, vm",,1,,,,,1,,,,,,,1,,1,,1,,,,,,1,,,,,,,,,,,,1,1,,,,,,,,,,,,,,,,,7,vwmulu.vv,0xe0002057,0xfc00707f,1,1,
"vwmulu.vx vd, vs2, rs1, vm",,1,,,,,1,,,,,,,1,,1,,1,,,,,,,,,,,,,,,,,,1,,,,,,,,,,,,,,,,,,5,vwmulu.vx,0xe0006057,0xfc00707f,1,0,
"vwmulsu.vv vd, vs2, vs1, vm",,1,,,,,1,,,,,,,1,,1,,1,,,,,,1,,,,,,,,,,,,1,1,,,,,,,,,,,,,,,,,7,vwmulsu.vv,0xe8002057,0xfc00707f,1,1,
"vwmulsu.vx vd, vs2, rs1, vm",,1,,,,,1,,,,,,,1,,1,,1,,,,,,,,,,,,,,,,,,1,,,,,,,,,,,,,,,,,,5,vwmulsu.vx,0xe8006057,0xfc00707f,1,0,
"vmacc.vv vd, vs1, vs2, vm",,1,,,,,,,,,,,,,1,,,1,,,,,,1,,,,,,,,,,,,,,,,,,,,,,,,,,,,,,2,vmacc.vv,0xb4002057,0xfc00707f,1,1,
"vmacc.vx vd, rs1, vs2, vm",,1,,,,,,,,,,,,,1,,,1,,,,,,,,,,,,,,,,,,,,,,,,,,,,,,,,,,,,1,vmacc.vx,0xb4006057,0xfc00707f,1,0,
"vnmsac.vv vd, vs1, vs2, vm",,1,,,,,,,,,,,,,1,,,1,,,,,,1,,,,,,,,,,,,,,,,,,,,,,,,,,,,,,2,vnmsac.vv,0xbc002057,0xfc00707f,1,1,
"vnmsac.vx vd, rs1, vs2, vm",,1,,,,,,,,,,,,,1,,,1,,,,,,,,,,,,,,,,,,,,,,,,,,,,,,,,,,,,1,vnmsac.vx,0xbc006057,0xfc00707f,1,0,
"vmadd.vx vd, vs1, vs2, vm",,1,,,,,,,,,,,,,1,,,1,,,,,,1,,,,,,,,,,,,,,,,,,,,,,,,,,,,,,2,vmadd.vv,0xa4002057,0xfc00707f,1,1,
"vmadd.vx vd, rs1, vs2, vm",,1,,,,,,,,,,,,,1,,,1,,,,,,,,,,,,,,,,,,,,,,,,,,,,,,,,,,,,1,vmadd.vx,0xa4006057,0xfc00707f,1,0,
"vnmsub.vv vd, vs1, vs2, vm",,1,,,,,,,,,,,,,1,,,1,,,,,,1,,,,,,,,,,,,,,,,,,,,,,,,,,,,,,2,vnmsub.vv,0xac002057,0xfc00707f,1,1,
"vnmsub.vx vd, rs1, vs2, vm",,1,,,,,,,,,,,,,1,,,1,,,,,,,,,,,,,,,,,,,,,,,,,,,,,,,,,,,,1,vnmsub.vx,0xac006057,0xfc00707f,1,0,
"vwmaccu.vv vd, vs1, vs2, vm",,1,,,,,1,,,,,,,1,,1,,1,,,,,,1,,,,,,,,,,,,1,1,,,,,,,,,,,,,,,,,7,vwmaccu.vv,0xf0002057,0xfc00707f,1,1,
"vwmaccu.vx vd, rs1, vs2, vm",,1,,,,,1,,,,,,,1,,1,,1,,,,,,,,,,,,,,,,,,1,,,,,,,,,,,,,,,,,,5,vwmaccu.vx,0xf0006057,0xfc00707f,1,0,
"vwmacc.vv vd, vs1, vs2, vm",,1,,,,,1,,,,,,,1,,1,,1,,,,,,1,,,,,,,,,,,,1,1,,,,,,,,,,,,,,,,,7,vwmacc.vv,0xf4002057,0xfc00707f,1,1,
"vwmacc.vx vd, rs1, vs2, vm",,1,,,,,1,,,,,,,1,,1,,1,,,,,,,,,,,,,,,,,,1,,,,,,,,,,,,,,,,,,5,vwmacc.vx,0xf4006057,0xfc00707f,1,0,
"vwmaccsu.vv vd, vs1, vs2, vm",,1,,,,,1,,,,,,,1,,1,,1,,,,,,1,,,,,,,,,,,,1,1,,,,,,,,,,,,,,,,,7,vwmaccsu.vv,0xfc002057,0xfc00707f,1,1,
"vwmaccsu.vx vd, rs1, vs2, vm",,1,,,,,1,,,,,,,1,,1,,1,,,,,,,,,,,,,,,,,,1,,,,,,,,,,,,,,,,,,5,vwmaccsu.vx,0xfc006057,0xfc00707f,1,0,
"vwmaccus.vx vd, rs1, vs2, vm",,1,,,,,1,,,,,,,1,,1,,1,,,,,,,,,,,,,,,,,,1,,,,,,,,,,,,,,,,,,5,vwmaccus.vx,0xf8006057,0xfc00707f,1,0,
"vmerge.vvm vd, vs2, vs1, v0",,1,,,,,,,,,,,,,1,,,1,,,,,,1,,,,,,,,,,,,,,,,,,,,,,,,,,,,,,2,vmerge.vvm,0x5c000057,0xfe00707f,1,1,
"vmerge.vxm vd, vs2, rs1, v0",,1,,,,,,,,,,,,,1,,,1,,,,,,,,,,,,,,,,,,,,,,,,,,,,,,,,,,,,1,vmerge.vxm,0x5c004057,0xfe00707f,1,0,
"vmerge.vim vd, vs2, imm, v0",,1,,,,,,,,,,,,,1,,,1,,,,,,,,,,,,,,,,,,,,,,,,,,,,,,,,,,,,1,vmerge.vim,0x5c003057,0xfe00707f,1,0,
"vmv.v.v vd, vs1",,1,,,,,,,,,,,,,1,,,1,,,,,,1,,,,,,,,,,,,,,,,,,,,,,,,,,,,,,2,vmv.v.v,0x5e000057,0xfff0707f,0,1,
"vmv.v.x vd, rs1",,1,,,,,,,,,,,,,1,,,1,,,,,,,,,,,,,,,,,,,,,,,,,,,,,,,,,,,,1,vmv.v.x,0x5e004057,0xfff0707f,0,0,
"vmv.v.i vd, imm",,1,,,,,,,,,,,,,1,,,1,,,,,,,,,,,,,,,,,,,,,,,,,,,,,,,,,,,,1,vmv.v.i,0x5e003057,0xfff0707f,0,0,
"vsaddu.vv vd, vs2, vs1, vm",,1,,,,,,,,,,,,,1,,,1,,,,,,1,,,,,,,,,,,,,,,,,,,,,,,,,,,,,,2,vsaddu.vv,0x80000057,0xfc00707f,1,1,
"vsaddu.vx vd, vs2, rs1, vm",,1,,,,,,,,,,,,,1,,,1,,,,,,,,,,,,,,,,,,,,,,,,,,,,,,,,,,,,1,vsaddu.vx,0x80004057,0xfc00707f,1,0,
"vsaddu.vi vd, vs2, imm, vm",,1,,,,,,,,,,,,,1,,,1,,,,,,,,,,,,,,,,,,,,,,,,,,,,,,,,,,,,1,vsaddu.vi,0x80003057,0xfc00707f,1,0,
"vsadd.vv vd, vs2, vs1, vm",,1,,,,,,,,,,,,,1,,,1,,,,,,1,,,,,,,,,,,,,,,,,,,,,,,,,,,,,,2,vsadd.vv,0x84000057,0xfc00707f,1,1,
"vsadd.vx vd, vs2, rs1, vm",,1,,,,,,,,,,,,,1,,,1,,,,,,,,,,,,,,,,,,,,,,,,,,,,,,,,,,,,1,vsadd.vx,0x84004057,0xfc00707f,1,0,
"vsadd.vi vd, vs2, imm, vm",,1,,,,,,,,,,,,,1,,,1,,,,,,,,,,,,,,,,,,,,,,,,,,,,,,,,,,,,1,vsadd.vi,0x84003057,0xfc00707f,1,0,
"vssubu.vv vd, vs2, vs1, vm",,1,,,,,,,,,,,,,1,,,1,,,,,,1,,,,,,,,,,,,,,,,,,,,,,,,,,,,,,2,vssubu.vv,0x88000057,0xfc00707f,1,1,
"vssubu.vx vd, vs2, rs1, vm",,1,,,,,,,,,,,,,1,,,1,,,,,,,,,,,,,,,,,,,,,,,,,,,,,,,,,,,,1,vssubu.vx,0x88004057,0xfc00707f,1,0,
"vssub.vv vd, vs2, vs1, vm",,1,,,,,,,,,,,,,1,,,1,,,,,,1,,,,,,,,,,,,,,,,,,,,,,,,,,,,,,2,vssub.vv,0x8c000057,0xfc00707f,1,1,
"vssub.vx vd, vs2, rs1, vm",,1,,,,,,,,,,,,,1,,,1,,,,,,,,,,,,,,,,,,,,,,,,,,,,,,,,,,,,1,vssub.vx,0x8c004057,0xfc00707f,1,0,
"vaaddu.vv vd, vs2, vs1, vm",,1,,,,,,,,,,,,,1,,,1,,,,,,1,,,,,,,,,,,,,,,,,,,,,,,,,,,,,,2,vaaddu.vv,0x20002057,0xfc00707f,1,1,
"vaaddu.vx vd, vs2, rs1, vm",,1,,,,,,,,,,,,,1,,,1,,,,,,,,,,,,,,,,,,,,,,,,,,,,,,,,,,,,1,vaaddu.vx,0x20006057,0xfc00707f,1,0,
"vaadd.vv vd, vs2, vs1, vm",,1,,,,,,,,,,,,,1,,,1,,,,,,1,,,,,,,,,,,,,,,,,,,,,,,,,,,,,,2,vaadd.vv,0x24002057,0xfc00707f,1,1,
"vaadd.vx vd, vs2, rs1, vm",,1,,,,,,,,,,,,,1,,,1,,,,,,,,,,,,,,,,,,,,,,,,,,,,,,,,,,,,1,vaadd.vx,0x24006057,0xfc00707f,1,0,
"vasubu.vv vd, vs2, vs1, vm",,1,,,,,,,,,,,,,1,,,1,,,,,,1,,,,,,,,,,,,,,,,,,,,,,,,,,,,,,2,vasubu.vv,0x28002057,0xfc00707f,1,1,
"vasubu.vx vd, vs2, rs1, vm",,1,,,,,,,,,,,,,1,,,1,,,,,,,,,,,,,,,,,,,,,,,,,,,,,,,,,,,,1,vasubu.vx,0x28006057,0xfc00707f,1,0,
"vasub.vv vd, vs2, vs1, vm",,1,,,,,,,,,,,,,1,,,1,,,,,,1,,,,,,,,,,,,,,,,,,,,,,,,,,,,,,2,vasub.vv,0x2c002057,0xfc00707f,1,1,
"vasub.vx vd, vs2, rs1, vm",,1,,,,,,,,,,,,,1,,,1,,,,,,,,,,,,,,,,,,,,,,,,,,,,,,,,,,,,1,vasub.vx,0x2c006057,0xfc00707f,1,0,
"vsmul.vv vd, vs2, vs1, vm",,1,,,,,,,,,,,,,1,,,1,,,,,,1,,,,,,,,,,,,,,,,,,,,,,,,,,,,,,2,vsmul.vv,0x9c000057,0xfc00707f,1,1,
"vsmul.vx vd, vs2, rs1, vm",,1,,,,,,,,,,,,,1,,,1,,,,,,,,,,,,,,,,,,,,,,,,,,,,,,,,,,,,1,vsmul.vx,0x9c004057,0xfc00707f,1,0,
"vssrl.vv vd, vs2, vs1, vm",,,,,,,,,,,,,,,1,,,1,,,,,,1,,,,,,,,,,,,,,,,,,,1,,1,,,,,,,,,4,vssrl.vv,0xa8000057,0xfc00707f,1,1,
"vssrl.vx vd, vs2, rs1, vm",,,,,,,,,,,,,,,1,,,1,,,,,,,,,,,,,,,,,,,,,,,,,1,,,,,,,,,,,2,vssrl.vx,0xa8004057,0xfc00707f,1,0,
"vssrl.vi vd, vs2, uimm, vm",,,,,,,,,,,,,,,1,,,1,,,,,,,,,,,,,,,,,,,,,,,,,1,,,,,,,,,,,2,vssrl.vi,0xa8003057,0xfc00707f,1,0,
"vssra.vv vd, vs2, vs1, vm",,1,,,,,,,,,,,,,1,,,1,,,,,,1,,,,,,,,,,,,,,,,,,,,,,,,,,,,,,2,vssra.vv,0xac000057,0xfc00707f,1,1,
"vssra.vx vd, vs2, rs1, vm",,1,,,,,,,,,,,,,1,,,1,,,,,,,,,,,,,,,,,,,,,,,,,,,,,,,,,,,,1,vssra.vx,0xac004057,0xfc00707f,1,0,
"vssra.vi vd, vs2, uimm, vm",,1,,,,,,,,,,,,,1,,,1,,,,,,,,,,,,,,,,,,,,,,,,,,,,,,,,,,,,1,vssra.vi,0xac003057,0xfc00707f,1,0,
"vnclipu.wv vd, vs2, vs1, vm",,,,,,,1,,,,,,,1,1,,,,,1,,,,1,,,,,,,,,,,,,,,,,,,,1,,,,,,,,,,3,vnclipu.wv,0xb8000057,0xfc00707f,1,1,
"vnclipu.wx vd, vs2, rs1, vm",,,,,,,1,,,,,,,1,1,,,,,1,,,,,,,,,,,,,,,,,,,,,,,,1,,,,,,,,,,2,vnclipu.wx,0xb8004057,0xfc00707f,1,0,
"vnclipu.wi vd, vs2, uimm, vm",,,,,,,1,,,,,,,1,1,,,,,1,,,,,,,,,,,,,,,,,,,,,,,,1,,,,,,,,,,2,vnclipu.wi,0xb8003057,0xfc00707f,1,0,
"vnclip.wv vd, vs2, vs1, vm",,,,,,,1,,,,,,,1,1,,,,,1,,,,1,,,,,,,,,,,,,,,,,,,,1,,,,,,,,,,3,vnclip.wv,0xbc000057,0xfc00707f,1,1,
"vnclip.wx vd, vs2, rs1, vm",,,,,,,1,,,,,,,1,1,,,,,1,,,,,,,,,,,,,,,,,,,,,,,,1,,,,,,,,,,2,vnclip.wx,0xbc004057,0xfc00707f,1,0,
"vnclip.wi vd, vs2, uimm, vm",,,,,,,1,,,,,,,1,1,,,,,1,,,,,,,,,,,,,,,,,,,,,,,,1,,,,,,,,,,2,vnclip.wi,0xbc003057,0xfc00707f,1,0,
"vfadd.vv vd, vs2, vs1, vm",,1,,1,,,,,,,,,,,1,,,1,,,,,,1,,,,,,,,,,,,,,,,,,,,,,,,,,,,,,3,vfadd.vv,0x1057,0xfc00707f,1,1,
"vfadd.vf vd, vs2, vs1, vm",,1,,1,,,,,,,,,,,1,,,1,,,,,,,,,,,,,,,,,,,,,,,,,,,,,,,,,,,,2,vfadd.vf,0x5057,0xfc00707f,1,1,
"vfsub.vv vd, vs2, vs1, vm",,1,,1,,,,,,,,,,,1,,,1,,,,,,1,,,,,,,,,,,,,,,,,,,,,,,,,,,,,,3,vfsub.vv,0x8001057,0xfc00707f,1,1,
"vfsub.vf vd, vs2, vs1, vm",,1,,1,,,,,,,,,,,1,,,1,,,,,,,,,,,,,,,,,,,,,,,,,,,,,,,,,,,,2,vfsub.vf,0x8005057,0xfc00707f,1,1,
"vfrsub.vf vd, vs2, vs1, vm",,1,,1,,,,,,,,,,,1,,,1,,,,,,,,,,,,,,,,,,,,,,,,,,,,,,,,,,,,2,vfrsub.vf,0x9c005057,0xfc00707f,1,1,
"vfwadd.vv vd, vs2, vs1, vm",,1,,1,,,1,,,,,,,1,,1,,1,,,,,,1,,,,,,,,,,,,1,1,,,,,,,,,,,,,,,,,7,vfwadd.vv,0xc0001057,0xfc00707f,1,1,
"vfwadd.vf vd, vs2, vs1, vm",,1,,1,,,1,,,,,,,1,,1,,1,,,,,,,,,,,,,,,,,,1,,,,,,,,,,,,,,,,,,5,vfwadd.vf,0xc0005057,0xfc00707f,1,1,
"vfwsub.vv vd, vs2, vs1, vm",,1,,1,,,1,,,,,,,1,,1,,1,,,,,,1,,,,,,,,,,,,1,1,,,,,,,,,,,,,,,,,7,vfwsub.vv,0xc8001057,0xfc00707f,1,1,
"vfwsub.vf vd, vs2, rs1, vm",,1,,1,,,1,,,,,,,1,,1,,1,,,,,,,,,,,,,,,,,,1,,,,,,,,,,,,,,,,,,5,vfwsub.vf,0xc8005057,0xfc00707f,1,0,
"vfwadd.wv vd, vs2, vs1, vm",,1,,1,,,1,,,,,,,1,,1,,,,1,,,,1,,,,,,,,,,,,,1,,,,,,,,,,,,,,,,,6,vfwadd.wv,0xd0001057,0xfc00707f,1,1,
"vfwadd.wf vd, vs2, rs1, vm",,1,,1,,,1,,,,,,,1,,1,,,,1,,,,,,,,,,,,,,,,,,,,,,,,,,,,,,,,,,4,vfwadd.wf,0xd0005057,0xfc00707f,1,0,
"vfwsub.wv vd, vs2, vs1, vm",,1,,1,,,1,,,,,,,1,,1,,,,1,,,,1,,,,,,,,,,,,,1,,,,,,,,,,,,,,,,,6,vfwsub.wv,0xd8001057,0xfc00707f,1,1,
"vfwsub.wf vd, vs2, rs1, vm",,1,,1,,,1,,,,,,,1,,1,,,,1,,,,,,,,,,,,,,,,,,,,,,,,,,,,,,,,,,4,vfwsub.wf,0xd8005057,0xfc00707f,1,0,
"vfmul.vv vd, vs2, vs1, vm",,1,,1,,,,,,,,,,,1,,,1,,,,,,1,,,,,,,,,,,,,,,,,,,,,,,,,,,,,,3,vfmul.vv,0x90001057,0xfc00707f,1,1,
"vfmul.vf vd, vs2, vs1, vm",,1,,1,,,,,,,,,,,1,,,1,,,,,,,,,,,,,,,,,,,,,,,,,,,,,,,,,,,,2,vfmul.vf,0x90005057,0xfc00707f,1,1,
"vfdiv.vv vd, vs2, vs1, vm",,1,,1,,,,,,,,,,,1,,,1,,,,,,1,,,,,,,,,,,,,,,,,,,,,,,,,,,,,,3,vfdiv.vv,0x80001057,0xfc00707f,1,1,
"vfdiv.vf vd, vs2, vs1, vm",,1,,1,,,,,,,,,,,1,,,1,,,,,,,,,,,,,,,,,,,,,,,,,,,,,,,,,,,,2,vfdiv.vf,0x80005057,0xfc00707f,1,1,
"vfrdiv.vf vd, vs2, vs1, vm",,1,,1,,,,,,,,,,,1,,,1,,,,,,,,,,,,,,,,,,,,,,,,,,,,,,,,,,,,2,vfrdiv.vf,0x84005057,0xfc00707f,1,1,
"vfwmul.vv vd, vs2, vs1, vm",,1,,1,,,1,,,,,,,1,,1,,1,,,,,,1,,,,,,,,,,,,1,1,,,,,,,,,,,,,,,,,7,vfwmul.vv,0xe0001057,0xfc00707f,1,1,
"vfwmul.vf vd, vs2, rs1, vm",,1,,1,,,1,,,,,,,1,,1,,1,,,,,,,,,,,,,,,,,,1,,,,,,,,,,,,,,,,,,5,vfwmul.vf,0xe0005057,0xfc00707f,1,0,
"vfmacc.vv vd, vs1, vs2, vm",,1,,1,,,,,,,,,,,1,,,1,,,,,,1,,,,,,,,,,,,,,,,,,,,,,,,,,,,,,3,vfmacc.vv,0xb0001057,0xfc00707f,1,1,
"vfmacc.vf vd, vs1, vs2, vm",,1,,1,,,,,,,,,,,1,,,1,,,,,,,,,,,,,,,,,,,,,,,,,,,,,,,,,,,,2,vfmacc.vf,0xb0005057,0xfc00707f,1,1,
"vfnmacc.vv vd, vs1, vs2, vm",,1,,1,,,,,,,,,,,1,,,1,,,,,,1,,,,,,,,,,,,,,,,,,,,,,,,,,,,,,3,vfnmacc.vv,0xb4001057,0xfc00707f,1,1,
"vfnmacc.vf vd, vs1, vs2, vm",,1,,1,,,,,,,,,,,1,,,1,,,,,,,,,,,,,,,,,,,,,,,,,,,,,,,,,,,,2,vfnmacc.vf,0xb4005057,0xfc00707f,1,1,
"vfmsac.vv vd, vs1, vs2, vm",,1,,1,,,,,,,,,,,1,,,1,,,,,,1,,,,,,,,,,,,,,,,,,,,,,,,,,,,,,3,vfmsac.vv,0xb8001057,0xfc00707f,1,1,
"vfmsac.vf vd, vs1, vs2, vm",,1,,1,,,,,,,,,,,1,,,1,,,,,,,,,,,,,,,,,,,,,,,,,,,,,,,,,,,,2,vfmsac.vf,0xb8005057,0xfc00707f,1,1,
"vfnmsac.vv vd, vs1, vs2, vm",,1,,1,,,,,,,,,,,1,,,1,,,,,,1,,,,,,,,,,,,,,,,,,,,,,,,,,,,,,3,vfnmsac.vv,0xbc001057,0xfc00707f,1,1,
"vfnmsac.vf vd, vs1, vs2, vm",,1,,1,,,,,,,,,,,1,,,1,,,,,,,,,,,,,,,,,,,,,,,,,,,,,,,,,,,,2,vfnmsac.vf,0xbc005057,0xfc00707f,1,1,
"vfmadd.vv vd, vs1, vs2, vm",,1,,1,,,,,,,,,,,1,,,1,,,,,,1,,,,,,,,,,,,,,,,,,,,,,,,,,,,,,3,vfmadd.vv,0xa0001057,0xfc00707f,1,1,
"vfmadd.vf vd, vs1, vs2, vm",,1,,1,,,,,,,,,,,1,,,1,,,,,,,,,,,,,,,,,,,,,,,,,,,,,,,,,,,,2,vfmadd.vf,0xa0005057,0xfc00707f,1,1,
"vfnmadd.vv vd, vs1, vs2, vm",,1,,1,,,,,,,,,,,1,,,1,,,,,,1,,,,,,,,,,,,,,,,,,,,,,,,,,,,,,3,vfnmadd.vv,0xa4001057,0xfc00707f,1,1,
"vfnmadd.vf vd, vs1, vs2, vm",,1,,1,,,,,,,,,,,1,,,1,,,,,,,,,,,,,,,,,,,,,,,,,,,,,,,,,,,,2,vfnmadd.vf,0xa4005057,0xfc00707f,1,1,
"vfmsub.vv vd, vs1, vs2, vm",,1,,1,,,,,,,,,,,1,,,1,,,,,,1,,,,,,,,,,,,,,,,,,,,,,,,,,,,,,3,vfmsub.vv,0xa8001057,0xfc00707f,1,1,
"vfmsub.vf vd, vs1, vs2, vm",,1,,1,,,,,,,,,,,1,,,1,,,,,,,,,,,,,,,,,,,,,,,,,,,,,,,,,,,,2,vfmsub.vf,0xa8005057,0xfc00707f,1,1,
"vfnmsub.vv vd, vs1, vs2, vm",,1,,1,,,,,,,,,,,1,,,1,,,,,,1,,,,,,,,,,,,,,,,,,,,,,,,,,,,,,3,vfnmsub.vv,0xac001057,0xfc00707f,1,1,
"vfnmsub.vf vd, vs1, vs2, vm",,1,,1,,,,,,,,,,,1,,,1,,,,,,,,,,,,,,,,,,,,,,,,,,,,,,,,,,,,2,vfnmsub.vf,0xac005057,0xfc00707f,1,1,
"vfwmacc.vv vd, vs1, vs2, vm",,1,,1,,,1,,,,,,,1,,1,,1,,,,,,1,,,,,,,,,,,,1,1,,,,,,,,,,,,,,,,,7,vfwmacc.vv,0xf0001057,0xfc00707f,1,1,
"vfwmacc.vf vd, vs1, rs2, vm",,1,,1,,,1,,,,,,,1,,1,,1,,,,,,,,,,,,,,,,,,1,,,,,,,,,,,,,,,,,,5,vfwmacc.vf,0xf0005057,0xfc00707f,0,1,
"vfwnmacc.vv vd, vs1, vs2, vm",,1,,1,,,1,,,,,,,1,,1,,1,,,,,,1,,,,,,,,,,,,1,1,,,,,,,,,,,,,,,,,7,vfwnmacc.vv,0xf4001057,0xfc00707f,1,1,
"vfwnmacc.vf vd, vs1, rs2, vm",,1,,1,,,1,,,,,,,1,,1,,1,,,,,,,,,,,,,,,,,,1,,,,,,,,,,,,,,,,,,5,vfwnmacc.vf,0xf4005057,0xfc00707f,0,1,
"vfwmsac.vv vd, vs1, vs2, vm",,1,,1,,,1,,,,,,,1,,1,,1,,,,,,1,,,,,,,,,,,,1,1,,,,,,,,,,,,,,,,,7,vfwmsac.vv,0xf8001057,0xfc00707f,1,1,
"vfwmsac.vf vd, vs1, rs2, vm",,1,,1,,,1,,,,,,,1,,1,,1,,,,,,,,,,,,,,,,,,1,,,,,,,,,,,,,,,,,,5,vfwmsac.vf,0xf8005057,0xfc00707f,0,1,
"vfwnmsac.vv vd, vs1, vs2, vm",,1,,1,,,1,,,,,,,1,,1,,1,,,,,,1,,,,,,,,,,,,1,1,,,,,,,,,,,,,,,,,7,vfwnmsac.vv,0xfc001057,0xfc00707f,1,1,
"vfwnmsac.vf vd, vs1, rs2, vm",,1,,1,,,1,,,,,,,1,,1,,1,,,,,,,,,,,,,,,,,,1,,,,,,,,,,,,,,,,,,5,vfwnmsac.vf,0xfc005057,0xfc00707f,0,1,
"vfsqrt.v vd, vs2, vm",,1,,1,,,,,,,,,,,1,,,1,,,,,,,,,,,,,,,,,,,,,,,,,,,,,,,,,,,,2,vfsqrt.v,0x4c001057,0xfc0ff07f,1,0,
"vfrsqrt7.v vd, vs2, vm",,1,,1,,,,,,,,,,,1,,,1,,,,,,,,,,,,,,,,,,,,,,,,,,,,,,,,,,,,2,vfrsqrt7.v,0x4c021057,0xfc0ff07f,1,0,
"vfrec7.v vd, vs2, vm",,1,,1,,,,,,,,,,,1,,,1,,,,,,,,,,,,,,,,,,,,,,,,,,,,,,,,,,,,2,vfrec7.v,0x4c029057,0xfc0ff07f,1,0,
"vfmin.vv vd, vs2, vs1, vm",,1,,1,,,,,,,,,,,1,,,1,,,,,,1,,,,,,,,,,,,,,,,,,,,,,,,,,,,,,3,vfmin.vv,0x10001057,0xfc00707f,1,1,
"vfmin.vf vd, vs2, vs1, vm",,1,,1,,,,,,,,,,,1,,,1,,,,,,,,,,,,,,,,,,,,,,,,,,,,,,,,,,,,2,vfmin.vf,0x10005057,0xfc00707f,1,1,
"vfmax.vv vd, vs2, vs1, vm",,1,,1,,,,,,,,,,,1,,,1,,,,,,1,,,,,,,,,,,,,,,,,,,,,,,,,,,,,,3,vfmax.vv,0x18001057,0xfc00707f,1,1,
"vfmax.vf vd, vs2, vs1, vm",,1,,1,,,,,,,,,,,1,,,1,,,,,,,,,,,,,,,,,,,,,,,,,,,,,,,,,,,,2,vfmax.vf,0x18005057,0xfc00707f,1,1,
"vfsgnj.vv vd, vs2, vs1, vm",,1,,1,,,,,,,,,,,1,,,1,,,,,,1,,,,,,,,,,,,,,,,,,,,,,,,,,,,,,3,vfsgnj.vv,0x20001057,0xfc00707f,1,1,
"vfsgnj.vf vd, vs2, vs1, vm",,1,,1,,,,,,,,,,,1,,,1,,,,,,,,,,,,,,,,,,,,,,,,,,,,,,,,,,,,2,vfsgnj.vf,0x20005057,0xfc00707f,1,1,
"vfsgnjn.vv vd, vs2, vs1, vm",,1,,1,,,,,,,,,,,1,,,1,,,,,,1,,,,,,,,,,,,,,,,,,,,,,,,,,,,,,3,vfsgnjn.vv,0x24001057,0xfc00707f,1,1,
"vfsgnjn.vf vd, vs2, vs1, vm",,1,,1,,,,,,,,,,,1,,,1,,,,,,,,,,,,,,,,,,,,,,,,,,,,,,,,,,,,2,vfsgnjn.vf,0x24005057,0xfc00707f,1,1,
"vfsgnjx.vv vd, vs2, vs1, vm",,1,,1,,,,,,,,,,,1,,,1,,,,,,1,,,,,,,,,,,,,,,,,,,,,,,,,,,,,,3,vfsgnjx.vv,0x28001057,0xfc00707f,1,1,
"vfsgnjx.vf vd, vs2, vs1, vm",,1,,1,,,,,,,,,,,1,,,1,,,,,,,,,,,,,,,,,,,,,,,,,,,,,,,,,,,,2,vfsgnjx.vf,0x28005057,0xfc00707f,1,1,
"vmfeq.vv vd, vs2, vs1, vm",,,,1,,,,,,,,,,,,,,1,,,,,,1,,,,,,,,,,,,,,,,,,,1,,1,,,,,,,,,4,vmfeq.vv,0x60001057,0xfc00707f,1,1,
"vmfeq.vf vd, vs2, vs1, vm",,,,1,,,,,,,,,,,,,,1,,,,,,,,,,,,,,,,,,,,,,,,,1,,,,,,,,,,,2,vmfeq.vf,0x60005057,0xfc00707f,1,1,
"vmfne.vv vd, vs2, vs1, vm",,,,1,,,,,,,,,,,,,,1,,,,,,1,,,,,,,,,,,,,,,,,,,1,,1,,,,,,,,,4,vmfne.vv,0x70001057,0xfc00707f,1,1,
"vmfne.vf vd, vs2, vs1, vm",,,,1,,,,,,,,,,,,,,1,,,,,,,,,,,,,,,,,,,,,,,,,1,,,,,,,,,,,2,vmfne.vf,0x70005057,0xfc00707f,1,1,
"vmflt.vv vd, vs2, vs1, vm",,,,1,,,,,,,,,,,,,,1,,,,,,1,,,,,,,,,,,,,,,,,,,1,,1,,,,,,,,,4,vmflt.vv,0x6c001057,0xfc00707f,1,1,
"vmflt.vf vd, vs2, vs1, vm",,,,1,,,,,,,,,,,,,,1,,,,,,,,,,,,,,,,,,,,,,,,,1,,,,,,,,,,,2,vmflt.vf,0x6c005057,0xfc00707f,1,1,
"vmfle.vv vd, vs2, vs1, vm",,,,1,,,,,,,,,,,,,,1,,,,,,1,,,,,,,,,,,,,,,,,,,1,,1,,,,,,,,,4,vmfle.vv,0x64001057,0xfc00707f,1,1,
"vmfle.vf vd, vs2, vs1, vm",,,,1,,,,,,,,,,,,,,1,,,,,,,,,,,,,,,,,,,,,,,,,1,,,,,,,,,,,2,vmfle.vf,0x64005057,0xfc00707f,1,1,
"vmfgt.vf vd, vs2, vs1, vm",,,,1,,,,,,,,,,,,,,1,,,,,,,,,,,,,,,,,,,,,,,,,1,,,,,,,,,,,2,vmfgt.vf,0x74005057,0xfc00707f,1,1,
"vmfge.vf vd, vs2, vs1, vm",,,,1,,,,,,,,,,,,,,1,,,,,,,,,,,,,,,,,,,,,,,,,1,,,,,,,,,,,2,vmfge.vf,0x7c005057,0xfc00707f,1,1,
"vfclass.v vd, vs2, vm",,1,,1,,,,,,,,,,,1,,,1,,,,,,,,,,,,,,,,,,,,,,,,,,,,,,,,,,,,2,vfclass.v,0x4c081057,0xfc0ff07f,1,0,
"vfmerge.vfm vd, vs2, rs1, v0",,1,,1,,,,,,,,,,,1,,,1,,,,,,,,,,,,,,,,,,,,,,,,,,,,,,,,,,,,2,vfmerge.vfm,0x5c005057,0xfe00707f,1,0,
"vfmv.v.f vd, rs1",,1,,1,,,,,,,,,,,1,,,1,,,,,,,,,,,,,,,,,,,,,,,,,,,,,,,,,,,,2,vfmv.v.f,0x5e005057,0xfff0707f,0,0,
"vfcvt.xu.f.v vd, vs2, vm",,1,,1,,,,,,,,,,,1,,,1,,,,,,,,,,,,,,,,,,,,,,,,,,,,,,,,,,,,3,vfcvt.xu.f.v,0x48001057,0xfc0ff07f,1,0,
"vfcvt.x.f.v vd, vs2, vm",,1,,1,,,,,,,,,,,1,,,1,,,,,,,,,,,,,,,,,,,,,,,,,,,,,,,,,,,,3,vfcvt.x.f.v,0x48009057,0xfc0ff07f,1,0,
"vfcvt.rtz.xu.f.v vd, vs2, vm",,1,,1,,,,,,,,,,,1,,,1,,,,,,,,,,,,,,,,,,,,,,,,,,,,,,,,,,,,3,vfcvt.rtz.xu.f.v,0x48031057,0xfc0ff07f,1,0,
"vfcvt.rtz.x.f.v vd, vs2, vm",,1,,1,,,,,,,,,,,1,,,1,,,,,,,,,,,,,,,,,,,,,,,,,,,,,,,,,,,,3,vfcvt.rtz.x.f.v,0x48039057,0xfc0ff07f,1,0,
"vfcvt.f.xu.v vd, vs2, vm",,1,,1,,,,,,,,,,,1,,,1,,,,,,,,,,,,,,,,,,,,,,,,,,,,,,,,,,,,3,vfcvt.f.xu.v,0x48011057,0xfc0ff07f,1,0,
"vfcvt.f.x.v vd, vs2, vm",,1,,1,,,,,,,,,,,1,,,1,,,,,,,,,,,,,,,,,,,,,,,,,,,,,,,,,,,,3,vfcvt.f.x.v,0x48019057,0xfc0ff07f,1,0,
"vfwcvt.xu.f.v vd, vs2, vm",,1,,1,,,1,,,,,,,1,,1,,1,,,,,,,,,,,,,,,,,,1,,,,,,,,,,,,,,,,,,6,vfwcvt.xu.f.v,0x48041057,0xfc0ff07f,1,0,
"vfwcvt.x.f.v vd, vs2, vm",,1,,1,,,1,,,,,,,1,,1,,1,,,,,,,,,,,,,,,,,,1,,,,,,,,,,,,,,,,,,6,vfwcvt.x.f.v,0x48049057,0xfc0ff07f,1,0,
"vfwcvt.rtz.xu.f.v vd, vs2, vm",,1,,1,,,1,,,,,,,1,,1,,1,,,,,,,,,,,,,,,,,,1,,,,,,,,,,,,,,,,,,6,vfwcvt.rtz.xu.f.v,0x48071057,0xfc0ff07f,1,0,
"vfwcvt.rtz.x.f.v vd, vs2, vm",,1,,1,,,1,,,,,,,1,,1,,1,,,,,,,,,,,,,,,,,,1,,,,,,,,,,,,,,,,,,6,vfwcvt.rtz.x.f.v,0x48079057,0xfc0ff07f,1,0,
"vfwcvt.f.xu.v vd, vs2, vm",,1,,,,,1,,,,,,,1,,1,,1,,,,,,,,,,,,,,,,,,1,,,,,,,,,,,,,,,,,,5,vfwcvt.f.xu.v,0x48051057,0xfc0ff07f,1,0,
"vfwcvt.f.x.v vd, vs2, vm",,1,,,,,1,,,,,,,1,,1,,1,,,,,,,,,,,,,,,,,,1,,,,,,,,,,,,,,,,,,5,vfwcvt.f.x.v,0x48059057,0xfc0ff07f,1,0,
"vfwcvt.f.f.v vd, vs2, vm",,1,,1,,,1,,,,,,,1,,1,,1,,,,,,,,,,,,,,,,,,1,,,,,,,,,,,,,,,,,,6,vfwcvt.f.f.v,0x48061057,0xfc0ff07f,1,0,
"vfncvt.xu.f.w vd, vs2, vm",,1,,,,,1,,,,,,,1,1,,,,,1,,,,,,,,,,,,,,,,,,,,,,,,1,,,,,,,,,,5,vfncvt.xu.f.w,0x48081057,0xfc0ff07f,1,0,
"vfncvt.x.f.w vd, vs2, vm",,1,,,,,1,,,,,,,1,1,,,,,1,,,,,,,,,,,,,,,,,,,,,,,,1,,,,,,,,,,5,vfncvt.x.f.w,0x48089057,0xfc0ff07f,1,0,
"vfncvt.rtz.xu.f.w vd, vs2, vm",,1,,,,,1,,,,,,,1,1,,,,,1,,,,,,,,,,,,,,,,,,,,,,,,1,,,,,,,,,,5,vfncvt.rtz.xu.f.w,0x480b1057,0xfc0ff07f,1,0,
"vfncvt.rtz.x.f.w vd, vs2, vm",,1,,,,,1,,,,,,,1,1,,,,,1,,,,,,,,,,,,,,,,,,,,,,,,1,,,,,,,,,,5,vfncvt.rtz.x.f.w,0x480b9057,0xfc0ff07f,1,0,
"vfncvt.f.xu.w vd, vs2, vm",,1,,1,,,1,,,,,,,1,1,,,,,1,,,,,,,,,,,,,,,,,,,,,,,,1,,,,,,,,,,6,vfncvt.f.xu.w,0x48091057,0xfc0ff07f,1,0,
"vfncvt.f.x.w vd, vs2, vm",,1,,1,,,1,,,,,,,1,1,,,,,1,,,,,,,,,,,,,,,,,,,,,,,,1,,,,,,,,,,6,vfncvt.f.x.w,0x48099057,0xfc0ff07f,1,0,
"vfncvt.f.f.w vd, vs2, vm",,1,,1,,,1,,,,,,,1,1,,,,,1,,,,,,,,,,,,,,,,,,,,,,,,1,,,,,,,,,,6,vfncvt.f.f.w,0x480a1057,0xfc0ff07f,1,0,
"vfncvt.rod.f.f.w vd, vs2, vm",,1,,1,,,1,,,,,,,1,1,,,,,1,,,,,,,,,,,,,,,,,,,,,,,,1,,,,,,,,,,6,vfncvt.rod.f.f.w,0x480a9057,0xfc0ff07f,1,0,
"vredsum.vs vd, vs2, vs1, vm # vd[0] = sum( vs1[0] , vs2[*] )",,,,,,,,,,,,,,,,,,1,,,,,,,,,,,,,,,,,,,,,,,,,,,,,,,,,,,,1,vredsum.vs,0x2057,0xfc00707f,1,1,
"vredmaxu.vs vd, vs2, vs1, vm # vd[0] = maxu( vs1[0] , vs2[*] )",,,,,,,,,,,,,,,,,,1,,,,,,,,,,,,,,,,,,,,,,,,,,,,,,,,,,,,1,vredmaxu.vs,0x18002057,0xfc00707f,1,1,
"vredmax.vs vd, vs2, vs1, vm # vd[0] = max( vs1[0] , vs2[*] )",,,,,,,,,,,,,,,,,,1,,,,,,,,,,,,,,,,,,,,,,,,,,,,,,,,,,,,1,vredmax.vs,0x1c002057,0xfc00707f,1,1,
"vredminu.vs vd, vs2, vs1, vm # vd[0] = minu( vs1[0] , vs2[*] )",,,,,,,,,,,,,,,,,,1,,,,,,,,,,,,,,,,,,,,,,,,,,,,,,,,,,,,1,vredminu.vs,0x10002057,0xfc00707f,1,1,
"vredmin.vs vd, vs2, vs1, vm # vd[0] = min( vs1[0] , vs2[*] )",,,,,,,,,,,,,,,,,,1,,,,,,,,,,,,,,,,,,,,,,,,,,,,,,,,,,,,1,vredmin.vs,0x14002057,0xfc00707f,1,1,
"vredand.vs vd, vs2, vs1, vm # vd[0] = and( vs1[0] , vs2[*] )",,,,,,,,,,,,,,,,,,1,,,,,,,,,,,,,,,,,,,,,,,,,,,,,,,,,,,,1,vredand.vs,0x4002057,0xfc00707f,1,1,
"vredor.vs vd, vs2, vs1, vm # vd[0] = or( vs1[0] , vs2[*] )",,,,,,,,,,,,,,,,,,1,,,,,,,,,,,,,,,,,,,,,,,,,,,,,,,,,,,,1,vredor.vs,0x8002057,0xfc00707f,1,1,
"vredxor.vs vd, vs2, vs1, vm # vd[0] = xor( vs1[0] , vs2[*] )",,,,,,,,,,,,,,,,,,1,,,,,,,,,,,,,,,,,,,,,,,,,,,,,,,,,,,,1,vredxor.vs,0xc002057,0xfc00707f,1,1,
"vwredsumu.vs vd, vs2, vs1, vm # 2*SEW = 2*SEW + sum(zero-extend(SEW))",,,,,,,1,,,,,,,,,,,1,,,,,,,,,,,,,,,,,,,,,,,,,,,,,,,,,,,,2,vwredsumu.vs,0xc0000057,0xfc00707f,1,1,
"vwredsum.vs vd, vs2, vs1, vm # 2*SEW = 2*SEW + sum(sign-extend(SEW))",,,,,,,1,,,,,,,,,,,1,,,,,,,,,,,,,,,,,,,,,,,,,,,,,,,,,,,,2,vwredsum.vs,0xc4000057,0xfc00707f,1,1,
"vfredosum.vs vd, vs2, vs1, vm # Ordered sum",,,,1,,,,,,,,,,,,,,1,,,,,,,,,,,,,,,,,,,,,,,,,,,,,,,,,,,,2,vfredosum.vs,0xc001057,0xfc00707f,1,1,
"vfredusum.vs vd, vs2, vs1, vm # Unordered sum",,,,1,,,,,,,,,,,,,,1,,,,,,,,,,,,,,,,,,,,,,,,,,,,,,,,,,,,2,vfredusum.vs,0x4001057,0xfc00707f,1,1,
"vfredmax.vs vd, vs2, vs1, vm # Maximum value",,,,1,,,,,,,,,,,,,,1,,,,,,,,,,,,,,,,,,,,,,,,,,,,,,,,,,,,2,vfredmax.vs,0x1c001057,0xfc00707f,1,1,
"vfredmin.vs vd, vs2, vs1, vm # Minimum value",,,,1,,,,,,,,,,,,,,1,,,,,,,,,,,,,,,,,,,,,,,,,,,,,,,,,,,,2,vfredmin.vs,0x14001057,0xfc00707f,1,1,
"vfwredosum.vs vd, vs2, vs1, vm # Ordered sum",,,,1,,,1,,,,,,,,,,,1,,,,,,,,,,,,,,,,,,,,,,,,,,,,,,,,,,,,3,vfwredosum.vs,0xcc001057,0xfc00707f,1,1,
"vfwredusum.vs vd, vs2, vs1, vm # Unordered sum",,,,1,,,1,,,,,,,,,,,1,,,,,,,,,,,,,,,,,,,,,,,,,,,,,,,,,,,,3,vfwredusum.vs,0xc4001057,0xfc00707f,1,1,
"vmand.mm vd, vs2, vs1 # vd.mask[i] = vs2.mask[i] && vs1.mask[i]",,,,,,,,,,,,,,,,,,,,,,,,,,,,,,,,,,,,,,,,,,,,,,,,,,,,,,0,vmand.mm,0x66002057,0xfe00707f,1,1,
"vmnand.mm vd, vs2, vs1 # vd.mask[i] = !(vs2.mask[i] && vs1.mask[i])",,,,,,,,,,,,,,,,,,,,,,,,,,,,,,,,,,,,,,,,,,,,,,,,,,,,,,0,vmnand.mm,0x76002057,0xfe00707f,1,1,
"vmandn.mm vd, vs2, vs1 # vd.mask[i] = vs2.mask[i] && !vs1.mask[i]",,,,,,,,,,,,,,,,,,,,,,,,,,,,,,,,,,,,,,,,,,,,,,,,,,,,,,0,vmandn.mm,0x62002057,0xfe00707f,1,1,
"vmxor.mm vd, vs2, vs1 # vd.mask[i] = vs2.mask[i] ^^ vs1.mask[i]",,,,,,,,,,,,,,,,,,,,,,,,,,,,,,,,,,,,,,,,,,,,,,,,,,,,,,0,vmxor.mm,0x6e002057,0xfe00707f,1,1,
"vmor.mm vd, vs2, vs1 # vd.mask[i] = vs2.mask[i] || vs1.mask[i]",,,,,,,,,,,,,,,,,,,,,,,,,,,,,,,,,,,,,,,,,,,,,,,,,,,,,,0,vmor.mm,0x6a002057,0xfe00707f,1,1,
"vmnor.mm vd, vs2, vs1 # vd.mask[i] = !(vs2.mask[i] || vs1.mask[i])",,,,,,,,,,,,,,,,,,,,,,,,,,,,,,,,,,,,,,,,,,,,,,,,,,,,,,0,vmnor.mm,0x7a002057,0xfe00707f,1,1,
"vmorn.mm vd, vs2, vs1 # vd.mask[i] = vs2.mask[i] || !vs1.mask[i]",,,,,,,,,,,,,,,,,,,,,,,,,,,,,,,,,,,,,,,,,,,,,,,,,,,,,,0,vmorn.mm,0x72002057,0xfe00707f,1,1,
"vmxnor.mm vd, vs2, vs1 # vd.mask[i] = !(vs2.mask[i] ^^ vs1.mask[i])",,,,,,,,,,,,,,,,,,,,,,,,,,,,,,,,,,,,,,,,,,,,,,,,,,,,,,0,vmxnor.mm,0x7e002057,0xfe00707f,1,1,
"vcpop.m rd, vs2, vm",,,1,,,,,,,,,,,,,,,,,,,,,,,,,,,,,,,,,,,,,,,,,,,,,,,,,,,0,vcpop.m,0x40082057,0xfc0ff07f,1,0,
"vfirst.m rd, vs2, vm",,,1,,,,,,,,,,,,,,,,,,,,,,,,,,,,,,,,,,,,,,,,,,,,,,,,,,,0,vfirst.m,0x4008a057,0xfc0ff07f,1,0,
"vmsbf.m vd, vs2, vm",,1,1,,,,,,,,,,,,,,,,,,,,,,,,,,,,,,,,,,,,,,1,,,,,,,,,,,,,1,vmsbf.m,0x5000a057,0xfc0ff07f,1,0,
"vmsif.m vd, vs2, vm",,1,1,,,,,,,,,,,,,,,,,,,,,,,,,,,,,,,,,,,,,,1,,,,,,,,,,,,,1,vmsif.m,0x5001a057,0xfc0ff07f,1,0,
"vmsof.m vd, vs2, vm",,1,1,,,,,,,,,,,,,,,,,,,,,,,,,,,,,,,,,,,,,,1,,,,,,,,,,,,,1,vmsof.m,0x50012057,0xfc0ff07f,1,0,
"viota.m vd, vs2, vm",,1,1,,,,,,,,,,,,1,,,,,,,,,,,,,,,,,,,,,,,,,,,,,,,,1,,,,,,,2,viota.m,0x50082057,0xfc0ff07f,1,0,
"vid.v vd, vm # Write element ID to destination",,1,1,,,,,,,,,,,,1,,,,,,,,,,,,,,,,,,,,,,,,,,,,,,,,,,,,,,,1,vid.v,0x5008a057,0xfdfff07f,0,0,
"vmv.x.s rd, vs2 # x[rd] = vs2[0] (vs1=0)",1,,1,,,,,,,,,,,,,,,,,,,,,,,,,,,,,,,,,,,,,,,,,,,,,,,,,,,0,vmv.x.s,0x42002057,0xfe0ff07f,1,1,
"vmv.s.x vd, rs1 # vd[0] = x[rs1] (vs2=0)",1,,1,,,,,,,,,,,,,,,,,,,,,,,,,,,,,,,,,,,,,,,,,,,,,,,,,,,0,vmv.s.x,0x42006057,0xfff0707f,1,0,
"vfmv.f.s rd, vs2 # f[rd] = vs2[0] (rs1=0)",,,,1,,,,,,,,,,,,,,,,,,,,,,,,,,,,,,,,,,,,,,,,,,,,,,,,,,1,vfmv.f.s,0x42001057,0xfe0ff07f,1,0,
"vfmv.s.f vd, rs1 # vd[0] = f[rs1] (vs2=0)",,,,1,,,,,,,,,,,,,,,,,,,,,,,,,,,,,,,,,,,,,,,,,,,,,,,,,,1,vfmv.s.f,0x42005057,0xfff0707f,1,0,
"vslideup.vx vd, vs2, rs1, vm # vd[i+rs1] = vs2[i]",,1,1,,,,,,,,,,,,1,,,1,,,,,,,,,,,,,,,,,,,,,,,1,,,,,,,,,,,,,3,vslideup.vx,0x38004057,0xfc00707f,1,0,
"vslideup.vi vd, vs2, uimm, vm # vd[i+uimm] = vs2[i]",,1,1,,,,,,,,,,,,1,,,1,,,,,,,,,,,,,,,,,,,,,,,1,,,,,,,,,,,,,3,vslideup.vi,0x38003057,0xfc00707f,1,0,
"vslidedown.vx vd, vs2, rs1, vm # vd[i] = vs2[i+rs1]",,1,,,,,,,,,,,,,1,,,1,,,,,,,,,,,,,,,,,,,,,,,,,,,,,,,,,,,,2,vslidedown.vx,0x3c004057,0xfc00707f,1,0,
"vslidedown.vi vd, vs2, uimm, vm # vd[i] = vs2[i+uimm]",,1,,,,,,,,,,,,,1,,,1,,,,,,,,,,,,,,,,,,,,,,,,,,,,,,,,,,,,2,vslidedown.vi,0x3c003057,0xfc00707f,1,0,
"vslide1up.vx vd, vs2, rs1, vm # vd[0]=x[rs1], vd[i+1] = vs2[i]",,1,,,,,,,,,,,,,1,,,1,,,,,,,,,,,,,,,,,,,,,,,1,,,,,,,,,,,,,3,vslide1up.vx,0x38006057,0xfc00707f,1,0,
"vfslide1up.vf vd, vs2, rs1, vm # vd[0]=f[rs1], vd[i+1] = vs2[i]",,1,,1,,,,,,,,,,,1,,,1,,,,,,,,,,,,,,,,,,,,,,,1,,,,,,,,,,,,,4,vfslide1up.vf,0x38005057,0xfc00707f,1,0,
"vslide1down.vx vd, vs2, rs1, vm # vd[i] = vs2[i+1], vd[vl-1]=x[rs1]",,1,,,,,,,,,,,,,1,,,1,,,,,,,,,,,,,,,,,,,,,,,,,,,,,,,,,,,,2,vslide1down.vx,0x3c006057,0xfc00707f,1,0,
"vfslide1down.vf vd, vs2, rs1, vm # vd[i] = vs2[i+1], vd[vl-1]=f[rs1]",,1,,1,,,,,,,,,,,1,,,1,,,,,,,,,,,,,,,,,,,,,,,,,,,,,,,,,,,,3,vfslide1down.vf,0x3c005057,0xfc00707f,1,0,
"vrgather.vv vd, vs2, vs1, vm # vd[i] = (vs1[i] >= VLMAX) ? 0 : vs2[vs1[i]];",,1,,,,,,,,,,,,,1,,,1,,,,,,1,,,,,,,,,,,,,,,,,,1,,,,,,,,,,,,4,vrgather.vv,0x30000057,0xfc00707f,1,1,
"vrgatherei16.vv vd, vs2, vs1, vm # vd[i] = (vs1[i] >= VLMAX) ? 0 : vs2[vs1[i]];",,1,,,,,,,,,,,,,1,,,1,,,,,,,1,,,,,,,,,,,,,,,,1,,,,,,,,1,,,1,,5,vrgatherei16.vv,0x38000057,0xfc00707f,1,1,
"vrgather.vx vd, vs2, rs1, vm # vd[i] = (x[rs1] >= VLMAX) ? 0 : vs2[x[rs1]]",,1,,,,,,,,,,,,,1,,,1,,,,,,,,,,,,,,,,,,,,,,,1,,,,,,,,,,,,,3,vrgather.vx,0x30004057,0xfc00707f,1,0,
"vrgather.vi vd, vs2, uimm, vm # vd[i] = (uimm >= VLMAX) ? 0 : vs2[uimm]",,1,,,,,,,,,,,,,1,,,1,,,,,,,,,,,,,,,,,,,,,,,1,,,,,,,,,,,,,3,vrgather.vi,0x30003057,0xfc00707f,1,0,
"vcompress.vm vd, vs2, vs1",,,1,,,,,,,,,,,,1,,,1,,,,,,,,,,,,,,,,,,,,,,,1,,,,,,,1,,,,,,4,vcompress.vm,0x5e002057,0xfe00707f,1,1,
"vmv1r.v vd, vs2",,,,,,,,,,,,,,,,,,,,,,,,,,,,,,,,,,,1,,,,,,,,,,,,,,,,,,,1,vmv1r.v,0x9e003057,0xfe0ff07f,1,0,no
"vmv2r.v vd, vs2",,,,,,,,,,,,,,,,,,,,,,,,,,1,,,1,,,,,,1,,,,,,,,,,,,,,,,,,,3,vmv2r.v,0x9e00b057,0xfe0ff07f,1,0,no
"vmv4r.v vd, vs2",,,,,,,,,,,,,,,,,,,,,,,,,,,1,,,1,,,,,1,,,,,,,,,,,,,,,,,,,3,vmv4r.v,0x9e01b057,0xfe0ff07f,1,0,no
"vmv8r.v vd, vs2",,,,,,,,,,,,,,,,,,,,,,,,,,,,1,,,1,,,,1,,,,,,,,,,,,,,,,,,,3,vmv8r.v,0x9e03b057,0xfe0ff07f,1,0,no
"vandn.vv vd, vs2, vs1, vm",,1,,,,,,,,,,,,,1,,,1,,,,,,1,,,,,,,,,,,,,,,,,,,,,,,,,,,,,,3,vandn.vv,0x4000057,0xfc00707f,1,1,
"vandn.vx vd, vs2, rs1, vm",,1,,,,,,,,,,,,,1,,,1,,,,,,,,,,,,,,,,,,,,,,,,,,,,,,,,,,,,2,vandn.vx,0x4004057,0xfc00707f,1,0,
"vbrev.v vd, vs2, vm",,1,,,,,,,,,,,,,1,,,1,,,,,,,,,,,,,,,,,,,,,,,,,,,,,,,,,,,,2,vbrev.v,0x48052057,0xfc0ff07f,1,0,
"vbrev8.v vd, vs2, vm",,1,,,,,,,,,,,,,1,,,1,,,,,,,,,,,,,,,,,,,,,,,,,,,,,,,,,,,,2,vbrev8.v,0x48042057,0xfc0ff07f,1,0,
"vclz.v vd, vs2, vm",,1,,,,,,,,,,,,,1,,,1,,,,,,,,,,,,,,,,,,,,,,,,,,,,,,,,,,,,2,vclz.v,0x48062057,0xfc0ff07f,1,0,
"vrev8.v vd, vs2, vm",,1,,,,,,,,,,,,,1,,,1,,,,,,,,,,,,,,,,,,,,,,,,,,,,,,,,,,,,2,vrev8.v,0x4804a057,0xfc0ff07f,1,0,
"vrol.vv vd, vs2, vs1, vm",,1,,,,,,,,,,,,,1,,,1,,,,,,1,,,,,,,,,,,,,,,,,,,,,,,,,,,,,,3,vrol.vv,0x54000057,0xfc00707f,1,1,
"vrol.vx vd, vs2, rs1, vm",,1,,,,,,,,,,,,,1,,,1,,,,,,,,,,,,,,,,,,,,,,,,,,,,,,,,,,,,2,vrol.vx,0x54004057,0xfc00707f,1,0,
"vror.vv vd, vs2, vs1, vm",,1,,,,,,,,,,,,,1,,,1,,,,,,1,,,,,,,,,,,,,,,,,,,,,,,,,,,,,,3,vror.vv,0x50000057,0xfc00707f,1,1,
"vror.vx vd, vs2, rs1, vm",,1,,,,,,,,,,,,,1,,,1,,,,,,,,,,,,,,,,,,,,,,,,,,,,,,,,,,,,2,vror.vx,0x50004057,0xfc00707f,1,0,
"vror.vi vd, vs2, uimm, vm",,1,,,,,,,,,,,,,1,,,1,,,,,,,,,,,,,,,,,,,,,,,,,,,,,,,,,,,,2,vror.vi,0x50003057,0xf800707f,1,0,
"vwsll.vv vd, vs2, vs1, vm",,1,,,,,1,,,,,,,1,,1,,1,,,,,,1,,,,,,,,,,,,1,1,,,,,,,,,,,,,,,,,7,vwsll.vv,0xd4000057,0xfc00707f,1,1,
"vwsll.vx vd, vs2, rs1, vm",,1,,,,,1,,,,,,,1,,1,,1,,,,,,,,,,,,,,,,,,1,,,,,,,,,,,,,,,,,,5,vwsll.vx,0xd4004057,0xfc00707f,1,0,
"vwsll.vi vd, vs2, uimm, vm",,1,,,,,1,,,,,,,1,,1,,1,,,,,,,,,,,,,,,,,,1,,,,,,,,,,,,,,,,,,5,vwsll.vi,0xd4003057,0xfc00707f,1,0,
"vle8.v vd, (rs1), vm",,1,,,,,,,,,,,,,,,1,,,,,,,,,,,,,,,,,,,,,,,,,,,,,,,,,,,,1,1,vle8.v,0x7,0x1df0707f,0,0,no
"vle16.v vd, (rs1), vm",,1,,,,,,,,,,,,,,,1,,,,,,,,,,,,,,,,,,,,,,,,,,,,,,,,,,,,1,1,vle16.v,0x5007,0x1df0707f,0,0,no
"vle32.v vd, (rs1), vm",,1,,,,,,,,,,,,,,,1,,,,,,,,,,,,,,,,,,,,,,,,,,,,,,,,,,,,1,1,vle32.v,0x6007,0x1df0707f,0,0,no
"vle64.v vd, (rs1), vm",,1,,,,,,,,,,,,,,,1,,,,,,,,,,,,,,,,,,,,,,,,,,,,,,,,,,,,1,1,vle64.v,0x7007,0x1df0707f,0,0,no
"vse8.v vs3, (rs1), vm",,,,,,,,,,,,,,,,,1,,,,,,,,,,,,,,,,,,,,,,,,,,,,,,,,,,,,1,1,vse8.v,0x27,0x1df0707f,0,0,no
"vse16.v vs3, (rs1), vm",,,,,,,,,,,,,,,,,1,,,,,,,,,,,,,,,,,,,,,,,,,,,,,,,,,,,,1,1,vse16.v,0x5027,0x1df0707f,0,0,no
"vse32.v vs3, (rs1), vm",,,,,,,,,,,,,,,,,1,,,,,,,,,,,,,,,,,,,,,,,,,,,,,,,,,,,,1,1,vse32.v,0x6027,0x1df0707f,0,0,no
"vse64.v vs3, (rs1), vm",,,,,,,,,,,,,,,,,1,,,,,,,,,,,,,,,,,,,,,,,,,,,,,,,,,,,,1,1,vse64.v,0x7027,0x1df0707f,0,0,no
"vl1re8.v v3, (a0)",,,,,,,,,,,,,,,,,,,,,,,,,,,,,,,,,,,,,,,,,,,,,,,,,,,,,,0,vl1re8.v,0x2800007,0xfff0707f,0,0,no
"vl1re16.v v3, (a0)",,,,,,,,,,,,,,,,,,,,,,,,,,,,,,,,,,,,,,,,,,,,,,,,,,,,,,0,vl1re16.v,0x2805007,0xfff0707f,0,0,no
"vl1re32.v v3, (a0)",,,,,,,,,,,,,,,,,,,,,,,,,,,,,,,,,,,,,,,,,,,,,,,,,,,,,,0,vl1re32.v,0x2806007,0xfff0707f,0,0,no
"vl1re64.v v3, (a0)",,,,,,,,,,,,,,,,,,,,,,,,,,,,,,,,,,,,,,,,,,,,,,,,,,,,,,0,vl1re64.v,0x2807007,0xfff0707f,0,0,no
"vl2re8.v v2, (a0)",,,,,,,,,,,,,,,,,,,,,,,,,,1,,,,,,,,,,,,,,,,,,,,,,,,,,,,1,vl2re8.v,0x22800007,0xfff0707f,0,0,no
"vl2re16.v v2, (a0)",,,,,,,,,,,,,,,,,,,,,,,,,,1,,,,,,,,,,,,,,,,,,,,,,,,,,,,1,vl2re16.v,0x22805007,0xfff0707f,0,0,no
"vl2re32.v v2, (a0)",,,,,,,,,,,,,,,,,,,,,,,,,,1,,,,,,,,,,,,,,,,,,,,,,,,,,,,1,vl2re32.v,0x22806007,0xfff0707f,0,0,no
"vl2re64.v v2, (a0)",,,,,,,,,,,,,,,,,,,,,,,,,,1,,,,,,,,,,,,,,,,,,,,,,,,,,,,1,vl2re64.v,0x22807007,0xfff0707f,0,0,no
"vl4re8.v v4, (a0)",,,,,,,,,,,,,,,,,,,,,,,,,,,1,,,,,,,,,,,,,,,,,,,,,,,,,,,1,vl4re8.v,0x62800007,0xfff0707f,0,0,no
"vl4re16.v v4, (a0)",,,,,,,,,,,,,,,,,,,,,,,,,,,1,,,,,,,,,,,,,,,,,,,,,,,,,,,1,vl4re16.v,0x62805007,0xfff0707f,0,0,no
"vl4re32.v v4, (a0)",,,,,,,,,,,,,,,,,,,,,,,,,,,1,,,,,,,,,,,,,,,,,,,,,,,,,,,1,vl4re32.v,0x62806007,0xfff0707f,0,0,no
"vl4re64.v v4, (a0)",,,,,,,,,,,,,,,,,,,,,,,,,,,1,,,,,,,,,,,,,,,,,,,,,,,,,,,1,vl4re64.v,0x62807007,0xfff0707f,0,0,no
"vl8re8.v v8, (a0)",,,,,,,,,,,,,,,,,,,,,,,,,,,,1,,,,,,,,,,,,,,,,,,,,,,,,,,1,vl8re8.v,0xe2800007,0xfff0707f,0,0,no
"vl8re16.v v8, (a0)",,,,,,,,,,,,,,,,,,,,,,,,,,,,1,,,,,,,,,,,,,,,,,,,,,,,,,,1,vl8re16.v,0xe2805007,0xfff0707f,0,0,no
"vl8re32.v v8, (a0)",,,,,,,,,,,,,,,,,,,,,,,,,,,,1,,,,,,,,,,,,,,,,,,,,,,,,,,1,vl8re32.v,0xe2806007,0xfff0707f,0,0,no
vl8re64.v v8 (a0),,,,,,,,,,,,,,,,,,,,,,,,,,,,1,,,,,,,,,,,,,,,,,,,,,,,,,,1,vl8re64.v,0xe2807007,0xfff0707f,0,0,no
"vs1r.v v3, (a1)",,,,,,,,,,,,,,,,,,,,,,,,,,,,,,,,,,,1,,,,,,,,,,,,,,,,,,,1,vs1r.v,0x2800027,0xfff0707f,0,1,no
"vs2r.v v2, (a1)",,,,,,,,,,,,,,,,,,,,,,,,,,,,,,,,,,,1,,,,,,,,,,,,,,,,,,,1,vs2r.v,0x22800027,0xfff0707f,1,0,no
"vs4r.v v4, (a1)",,,,,,,,,,,,,,,,,,,,,,,,,,,,,,,,,,,1,,,,,,,,,,,,,,,,,,,1,vs4r.v,0x62800027,0xfff0707f,0,0,no
"vs8r.v v8, (a1)",,,,,,,,,,,,,,,,,,,,,,,,,,,,,,,,,,,1,,,,,,,,,,,,,,,,,,,1,vs8r.v,0xe2800027,0xfff0707f,0,0,no
"vle8ff.v vd, (rs1), vm",,1,,,,,,,,,,,,,,,1,,,,,,,,,,,,,,,,,,,,,,,,,,,,,,,,,,,,1,1,vle8ff.v,0x1000007,0x1df0707f,0,0,no
"vle16ff.v vd, (rs1), vm",,1,,,,,,,,,,,,,,,1,,,,,,,,,,,,,,,,,,,,,,,,,,,,,,,,,,,,1,1,vle16ff.v,0x1005007,0x1df0707f,0,0,no
"vle32ff.v vd, (rs1), vm",,1,,,,,,,,,,,,,,,1,,,,,,,,,,,,,,,,,,,,,,,,,,,,,,,,,,,,1,1,vle32ff.v,0x1006007,0x1df0707f,0,0,no
"vle64ff.v vd, (rs1), vm",,1,,,,,,,,,,,,,,,1,,,,,,,,,,,,,,,,,,,,,,,,,,,,,,,,,,,,1,1,vle64ff.v,0x1007007,0x1df0707f,0,0,no
"vlm.v vd, (rs1)",,1,,,,,,,,,,,,,,,,,,,,,,,,,,,,,,,,,,,,,,,,,,,,,,,,,,,1,0,vlm.v,0x2b00007,0xfff0707f,0,0,
"vsm.v vs3, (rs1)",,1,,,,,,,,,,,,,,,,,,,,,,,,,,,,,,,,,,,,,,,,,,,,,,,,,,,1,0,vsm.v,0x2b00027,0xfff0707f,0,0,
"vlseg_nf_e_eew_.v vd, (rs1), vm",,1,,,,,,,,,,,,,,,1,,,,,,,,,,,,,,,,,,,,,,,,,,,,,,,,,1,,,1,2,vlseg_nf_e_eew__v,0x00000007,0x1DF0007F,0,0,
"vsseg_nf_e_eew_.v vs3, (rs1), vm",,,,,,,,,,,,,,,,,1,,,,,,,,,,,,,,,,,,,,,,,,,,,,,,,,,1,,,1,2,vsseg_nf_e_eew__v,0x00000027,0x1DF0007F,0,0,
"vlsseg_nf_e_eew_.v vd, (rs1), rs2, vm",,1,,,,,,,,,,,,,,,1,,,,,,,,,,,,,,,,,,,,,,,,,,,,,,,,,1,,,1,2,vlsseg_nf_e_eew__v,0x08000007,0x1C00007F,0,0,
"vssseg_nf_e_eew_.v vs3, (rs1), rs2, vm",,,,,,,,,,,,,,,,,1,,,,,,,,,,,,,,,,,,,,,,,,,,,,,,,,,1,,,1,2,vssseg_nf_e_eew__v,0x08000027,0x1C00007F,0,0,
"vluxseg_nf_ei_eew_.v vd, (rs1), vs2, vm",,1,,,,,,,,,,,,,1,,1,,1,,,,,,,,,,,,,,,,,,,,,,,,,,,,,,,1,1,,1,5,vluxseg_nf_ei_eew__v,0x04000007,0x1C00007F,1,0,
"vloxseg_nf_ei_eew_.v vd, (rs1), vs2, vm",,1,,,,,,,,,,,,,1,,1,,1,,,,,,,,,,,,,,,,,,,,,,,,,,,,,,,1,1,,1,5,vloxseg_nf_ei_eew__v,0x04000027,0x1C00007F,1,0,
"vsuxseg_nf_ei_eew_.v vs3, (rs1), vs2, vm",,,,,,,,,,,,,,,1,,,,1,,,,,,,,,,,,,,,,,,,,,,,,,,,,,,,1,,,1,3,vsuxseg_nf_ei_eew__v,0x0C000007,0x1C00007F,1,0,
"vsoxseg_nf_ei_eew_.v vs3, (rs1), vs2, vm",,,,,,,,,,,,,,,1,,,,1,,,,,,,,,,,,,,,,,,,,,,,,,,,,,,,1,,,1,3,vsoxseg_nf_ei_eew__v,0x0C000027,0x1C00007F,1,0,
vaesdf.vs,,,,1,1,,1,1,1,1,,,,,1,,,,,,,,,,,,,,,,,,,,,,,,,,,,,,,,,,,,,,,7,vaesdf.vs,0xa600a077,0xfe0ff07f,,,no
vaesdf.vv,,,,,,,,,,,,,,,,,,,,,,,,,,,,,,,,,,,,,,,,,,,,,,,,,,,,,,0,vaesdf.vv,0xa200a077,0xfe0ff07f,,,no
vaesdm.vs,,,,,,,,,,,,,,,,,,,,,,,,,,,,,,,,,,,,,,,,,,,,,,,,,,,,,,0,vaesdm.vs,0xa6002077,0xfe0ff07f,,,no
vaesdm.vv,,,,,,,,,,,,,,,,,,,,,,,,,,,,,,,,,,,,,,,,,,,,,,,,,,,,,,0,vaesdm.vv,0xa2002077,0xfe0ff07f,,,no
vaesef.vs,,,,,,,,,,,,,,,,,,,,,,,,,,,,,,,,,,,,,,,,,,,,,,,,,,,,,,0,vaesef.vs,0xa601a077,0xfe0ff07f,,,no
vaesef.vv,,,,,,,,,,,,,,,,,,,,,,,,,,,,,,,,,,,,,,,,,,,,,,,,,,,,,,0,vaesef.vv,0xa201a077,0xfe0ff07f,,,no
vaesem.vs,,,,,,,,,,,,,,,,,,,,,,,,,,,,,,,,,,,,,,,,,,,,,,,,,,,,,,0,vaesem.vs,0xa6012077,0xfe0ff07f,,,no
vaesem.vv,,,,,,,,,,,,,,,,,,,,,,,,,,,,,,,,,,,,,,,,,,,,,,,,,,,,,,0,vaesem.vv,0xa2012077,0xfe0ff07f,,,no
vaeskf1.vi,,,,,,,,,,,,,,,,,,,,,,,,,,,,,,,,,,,,,,,,,,,,,,,,,,,,,,0,vaeskf1.vi,0x8a002077,0xfe00707f,,,no
vaeskf2.vi,,,,,,,,,,,,,,,,,,,,,,,,,,,,,,,,,,,,,,,,,,,,,,,,,,,,,,0,vaeskf2.vi,0xaa002077,0xfe00707f,,,no
vaesz.vs,,,,,,,,,,,,,,,,,,,,,,,,,,,,,,,,,,,,,,,,,,,,,,,,,,,,,,0,vaesz.vs,0xa603a077,0xfe0ff07f,,,no
vclmulh.vv,,1,,,,,,,,,,,,,1,,,1,,,,,,1,,,,,,,,,,,,,,,,,,,,,,,,,,,,,,2,vclmulh.vv,0x34002057,0xfc00707f,,,
vclmulh.vx,,1,,,,,,,,,,,,,1,,,1,,,,,,,,,,,,,,,,,,,,,,,,,,,,,,,,,,,,1,vclmulh.vx,0x34006057,0xfc00707f,,,
vclmul.vv,,1,,,,,,,,,,,,,1,,,1,,,,,,1,,,,,,,,,,,,,,,,,,,,,,,,,,,,,,2,vclmul.vv,0x30002057,0xfc00707f,,,
vclmul.vx,,1,,,,,,,,,,,,,1,,,1,,,,,,,,,,,,,,,,,,,,,,,,,,,,,,,,,,,,1,vclmul.vx,0x30006057,0xfc00707f,,,
vcpop.v,,1,,,,,,,,,,,,,1,,,1,,,,,,,,,,,,,,,,,,,,,,,,,,,,,,,,,,,,1,vcpop.v,0x48072057,0xfc0ff07f,,,
vctz.v,,1,,,,,,,,,,,,,1,,,1,,,,,,,,,,,,,,,,,,,,,,,,,,,,,,,,,,,,1,vctz.v,0x4806a057,0xfc0ff07f,,,
vfncvtbf16.f.f.w,,1,,1,,,1,,,,,,,1,1,,,,,1,,,,,,,,,,,,,,,,,,,,,,,1,,,,,,,,,,,6,vfncvtbf16.f.f.w,0x480e9057,0xfc0ff07f,,,no
vfwcvtbf16.f.f.v,,1,,1,,,1,,,,,,,1,1,,,1,,,,,,,,,,,,,,,,,,1,,,,,,,,,,,,,,,,,,6,vfwcvtbf16.f.f.v,0x48069057,0xfc0ff07f,,,no
vfwmaccbf16.vf,,,,,,,,,,,,,,,,,,,,,,,,,,,,,,,,,,,,,,,,,,,,,,,,,,,,,,0,vfwmaccbf16.vf,0xec005057,0xfc00707f,,,no
vfwmaccbf16.vv,,,,,,,,,,,,,,,,,,,,,,,,,,,,,,,,,,,,,,,,,,,,,,,,,,,,,,0,vfwmaccbf16.vv,0xec001057,0xfc00707f,,,no
vghsh.vv,,,,,,,,,,,,,,,,,,,,,,,,,,,,,,,,,,,,,,,,,,,,,,,,,,,,,,0,vghsh.vv,0xb2002077,0xfe00707f,,,no
vgmul.vv,,,,,,,,,,,,,,,,,,,,,,,,,,,,,,,,,,,,,,,,,,,,,,,,,,,,,,0,vgmul.vv,0xa208a077,0xfe0ff07f,,,no
vqdotsu.vv,,,,,,,,,,,,,,,,,,,,,,,,,,,,,,,,,,,,,,,,,,,,,,,,,,,,,,0,vqdotsu.vv,0xa8002057,0xfc00707f,,,no
vqdotsu.vx,,,,,,,,,,,,,,,,,,,,,,,,,,,,,,,,,,,,,,,,,,,,,,,,,,,,,,0,vqdotsu.vx,0xa8006057,0xfc00707f,,,no
vqdotus.vx,,,,,,,,,,,,,,,,,,,,,,,,,,,,,,,,,,,,,,,,,,,,,,,,,,,,,,0,vqdotus.vx,0xb8006057,0xfc00707f,,,no
vqdotu.vv,,,,,,,,,,,,,,,,,,,,,,,,,,,,,,,,,,,,,,,,,,,,,,,,,,,,,,0,vqdotu.vv,0xa0002057,0xfc00707f,,,no
vqdotu.vx,,,,,,,,,,,,,,,,,,,,,,,,,,,,,,,,,,,,,,,,,,,,,,,,,,,,,,0,vqdotu.vx,0xa0006057,0xfc00707f,,,no
vqdot.vv,,,,,,,,,,,,,,,,,,,,,,,,,,,,,,,,,,,,,,,,,,,,,,,,,,,,,,0,vqdot.vv,0xb0002057,0xfc00707f,,,no
vqdot.vx,,,,,,,,,,,,,,,,,,,,,,,,,,,,,,,,,,,,,,,,,,,,,,,,,,,,,,0,vqdot.vx,0xb0006057,0xfc00707f,,,no
vsha2ch.vv,,,,,,,,,,,,,,,,,,,,,,,,,,,,,,,,,,,,,,,,,,,,,,,,,,,,,,0,vsha2ch.vv,0xba002077,0xfe00707f,,,no
vsha2cl.vv,,,,,,,,,,,,,,,,,,,,,,,,,,,,,,,,,,,,,,,,,,,,,,,,,,,,,,0,vsha2cl.vv,0xbe002077,0xfe00707f,,,no
vsha2ms.vv,,,,,,,,,,,,,,,,,,,,,,,,,,,,,,,,,,,,,,,,,,,,,,,,,,,,,,0,vsha2ms.vv,0xb6002077,0xfe00707f,,,no
vsm3c.vi,,,,,,,,,,,,,,,,,,,,,,,,,,,,,,,,,,,,,,,,,,,,,,,,,,,,,,0,vsm3c.vi,0xae002077,0xfe00707f,,,no
vsm3me.vv,,,,,,,,,,,,,,,,,,,,,,,,,,,,,,,,,,,,,,,,,,,,,,,,,,,,,,0,vsm3me.vv,0x82002077,0xfe00707f,,,no
vsm4k.vi,,,,,,,,,,,,,,,,,,,,,,,,,,,,,,,,,,,,,,,,,,,,,,,,,,,,,,0,vsm4k.vi,0x86002077,0xfe00707f,,,no
vsm4r.vs,,,,,,,,,,,,,,,,,,,,,,,,,,,,,,,,,,,,,,,,,,,,,,,,,,,,,,0,vsm4r.vs,0xa6082077,0xfe0ff07f,,,no
vsm4r.vv,,,,,,,,,,,,,,,,,,,,,,,,,,,,,,,,,,,,,,,,,,,,,,,,,,,,,,0,vsm4r.vv,0xa2082077,0xfe0ff07f,,,no
vabs.v,,,,,,,,,,,,,,,,,,,,,,,,,,,,,,,,,,,,,,,,,,,,,,,,,,,,,,0,vabs.v,0x48082057,0xf80ff07f,,,no
vabd.vv,,,,,,,,,,,,,,,,,,,,,,,,,,,,,,,,,,,,,,,,,,,,,,,,,,,,,,0,vabd.vv,0x44002057,0xfc00707f,,,no
vabdu.vv,,,,,,,,,,,,,,,,,,,,,,,,,,,,,,,,,,,,,,,,,,,,,,,,,,,,,,0,vabdu.vv,0x4c002057,0xfc00707f,,,no
vwabdacc.vv,,,,,,,,,,,,,,,,,,,,,,,,,,,,,,,,,,,,,,,,,,,,,,,,,,,,,,0,vwabdacc.vv,0x54002057,0xfc00707f,,,no
vwabdaccu.vv,,,,,,,,,,,,,,,,,,,,,,,,,,,,,,,,,,,,,,,,,,,,,,,,,,,,,,0,vwabdaccu.vv,0x58002057,0xfc00707f,,,no
vzip.vv,,,,,,,,,,,,,,,,,,,,,,,,,,,,,,,,,,,,,,,,,,,,,,,,,,,,,,0,vzip.vv,0xf8040057,0xfc0e007f,,,no
vunzipe.v,,,,,,,,,,,,,,,,,,,,,,,,,,,,,,,,,,,,,,,,,,,,,,,,,,,,,,0,vunzipe.v,0x4804b057,0xfc0ff07f,,,no
vunzipo.v,,,,,,,,,,,,,,,,,,,,,,,,,,,,,,,,,,,,,,,,,,,,,,,,,,,,,,0,vunzipo.v,0x4804f057,0xfc0ff07f,,,no
vpaire.vv,,,,,,,,,,,,,,,,,,,,,,,,,,,,,,,,,,,,,,,,,,,,,,,,,,,,,,0,vpaire.vv,0x3c000057,0xfc0e007f,,,no
vpairo.vv,,,,,,,,,,,,,,,,,,,,,,,,,,,,,,,,,,,,,,,,,,,,,,,,,,,,,,0,vpairo.vv,0x3c000057,0xfc0e007f,,,no
